Workbook
Name Slicer_CVD_Risk_Level: #N/A

Sheet CVD Risk by Age Band
A1: 1️⃣ Create an age-band classification (25–35, 36–45, 46–55, 56–65, 66+) and calculate % of High Risk patients and Average CVD Risk Score per band. Which age group shows the highest risk concentration?
A3: Why this question is asked:
A4: Cardiovascular risk increases with age but not always uniformly.
A6: Business purpose:
A7: Helps hospitals design age-targeted screening and preventive strategies.
B9: Column Labels
B10: Average of CVD Risk Score | E10: Count of CVD Risk Level | H10: Total Average of CVD Risk Score | I10: Total Count of CVD Risk Level | J10: % Distribution Of High Risk Patients
A11: Age Band | B11: HIGH | C11: INTERMEDIARY | D11: LOW | E11: HIGH | F11: INTERMEDIARY | G11: LOW
A12: 25-34 | B12: 17.924467 | C12: 16.514105 | D12: 16.430091 | E12: 112 | F12: 108 | G12: 48 | H12: 17.089152 | I12: 268 | J12: =E12*100/I12 -> 41.791045
A13: 35-44 | B13: 17.865925 | C13: 16.123296 | D13: 15.83437 | E13: 153 | F13: 197 | G13: 51 | H13: 16.759097 | I13: 401 | J13: =E13*100/I13 -> 38.154613
A14: 45-54 | B14: 17.290869 | C14: 15.740337 | D14: 17.995824 | E14: 236 | F14: 108 | G14: 35 | H14: 16.91679 | I14: 379 | J14: =E14*100/I14 -> 62.269129
A15: 55-64 | B15: 17.760869 | C15: 15.690674 | D15: 18.049963 | E15: 145 | F15: 94 | G15: 32 | H15: 17.06347 | I15: 271 | J15: =E15*100/I15 -> 53.505535
A16: 65-74 | B16: 16.835031 | C16: 17.228481 | D16: 18.020333 | E16: 33 | F16: 28 | G16: 21 | H16: 17.278963 | I16: 82 | J16: =E16*100/I16 -> 40.243902
A17: 75-84 | B17: 17.988462 | C17: 17.111562 | D17: 17.878059 | E17: 14 | F17: 17 | G17: 19 | H17: 17.642652 | I17: 50 | J17: =E17*100/I17 -> 28
A18: Grand Total | B18: 17.608463 | C18: 16.139062 | D18: 17.105111 | E18: 693 | F18: 552 | G18: 206 | H18: 16.977021 | I18: 1451
A23: The 45–54 age band shows the highest risk concentration, with 62.27% of patients classified as High Risk. Although the 75–84 age group shows the highest average CVD risk score, the sample size is relatively small and should be interpreted cautiously. This suggests that middle-aged cohorts may represent the largest actionable risk segment for preventive intervention.

Sheet CVD Risk by Sex
A1: 2️⃣ Perform gender-based risk comparison: Average CVD Risk Score by Sex and % High Risk by Sex. Is risk significantly different between males and females?
A3: Why:
A4: Risk profiles differ biologically and behaviorally.
A6: Purpose:
A7: Enables gender-specific public health policies.
B12: Column Labels
B13: Average of CVD Risk Score | D13: Count of High Risk Patients | F13: Total Average of CVD Risk Score | G13: Total Count of High Risk Patients | H13: % OF High Risk Patients
A14: Gender | B14: High Risk Patients | C14: Not High Risk Patients | D14: High Risk Patients | E14: Not High Risk Patients
A15: F | B15: 17.514584 | C15: 16.369841 | D15: 379 | E15: 394 | F15: 16.935974 | G15: 773 | H15: =D15*100/G15 -> 49.029754
A16: M | B16: 17.716461 | C16: 16.362371 | D16: 349 | E16: 407 | F16: 16.986186 | G16: 756 | H16: =D16*100/G16 -> 46.164021
A17: Grand Total | B17: 17.611323 | C17: 16.366008 | D17: 728 | E17: 801 | F17: 16.960925 | G17: 1529 | H17: =D17*100/G17 -> 47.612819
A20: The overall average CVD Risk Score is nearly identical between males (16.99) and females (16.94), indicating minimal gender-based difference in risk severity. Females show a slightly higher proportion of High Risk patients (49.03%) compared to males (46.16%), but the gap is modest. This suggests that gender alone is not a dominant risk differentiator in this dataset, and prevention strategies should focus more on clinical and lifestyle factors.

Sheet Sex & Smoking Risk Profile
A1: 3️⃣ Create a cross-tab of Sex × Smoking Status × Risk Level. Which demographic segment is most vulnerable?
A3: Why:
A4: Risk is often amplified by lifestyle within demographic groups.
A6: Purpose:
A7: Improves targeted awareness campaigns.
A11: Total Patients | B11: Risk Level
A12: Gender | B12: HIGH | C12: INTERMEDIARY | D12: LOW | E12: Grand Total
A13: F | B13: 0.49118046 | C13: 0.37449118 | D13: 0.13432836 | E13: 1
A14: N | B14: 0.39548023 | C14: 0.46045198 | D14: 0.1440678 | E14: 1
A15: Y | B15: 0.57963446 | C15: 0.29503916 | D15: 0.12532637 | E15: 1
A16: M | B16: 0.4556962 | C16: 0.38959212 | D16: 0.15471167 | E16: 1
A17: N | B17: 0.33913043 | C17: 0.48695652 | D17: 0.17391304 | E17: 1
A18: Y | B18: 0.56557377 | C18: 0.29781421 | D18: 0.13661202 | E18: 1
A19: Grand Total | B19: 0.47375691 | C19: 0.38190608 | D19: 0.14433702 | E19: 1
A22: Smoking significantly increases cardiovascular risk across both genders. Female smokers show the highest vulnerability, with ~58% of patients classified as High Risk, followed closely by male smokers (~56.6%). Non-smokers in both genders show considerably lower High Risk proportions. This indicates smoking is a strong amplifying factor regardless of gender and should be a primary target for prevention campaigns.

Sheet High-Risk Cohort Analysis
A1: 4️⃣ Build a cohort segmentation: Age > 50, Diabetes = Yes, Hypertension Stage 1/2. What % of this cohort is classified as High CVD Risk?
A3: Why:
A4: Comorbidities compound cardiovascular risk.
A6: Purpose:
A7: Identifies ultra-high-risk population segments for intervention.
A11: Row Labels | B11: Sum of High Risk Patients (1 or 0) | C11: Count of Sex | D11: % of high risk patients
A12: High Risk Flag | B12: 120 | C12: 209 | D12: =B12*100/C12 -> 57.416268
A13: Low Risk Flag | B13: 608 | C13: 1320 | D13: =B13*100/C13 -> 46.060606
A14: Grand Total | B14: 728 | C14: 1529 | D14: 100
A18: Among patients belonging to the cohort (Age > 50, Diabetes = Yes, Hypertension Stage 1/2), 57.42% are classified as High CVD Risk. This percentage is higher than the non-cohort group (46.06%), confirming that combined comorbidities substantially increase cardiovascular risk. This cohort represents a critical target population for intensive preventive interventions.

Sheet BMI & CVD Risk Analysis
A1: 5️⃣ Create BMI Categories (Underweight, Normal, Overweight, Obese). Calculate risk distribution and average risk score per category. Does obesity strongly correlate with risk score?
A3: Why:
A4: Obesity is a primary modifiable CVD driver.
A6: Purpose:
A7: Supports obesity reduction initiatives.
B10: Column Labels
B11: HIGH | D11: INTERMEDIARY | F11: LOW | H11: Total Average of CVD Risk Score | I11: Total Count of Sex
A12: Row Labels | B12: Average of CVD Risk Score | C12: Count of Sex | D12: Average of CVD Risk Score | E12: Count of Sex | F12: Average of CVD Risk Score | G12: Count of Sex
A13: Obese | B13: 18.715446 | C13: 360 | D13: 17.673204 | E13: 192 | F13: 18.816 | G13: 83 | H13: 18.418232 | I13: 635
A14: Overweight | B14: 16.95854 | C14: 160 | D14: 16.396877 | E14: 112 | F14: 17.330619 | G14: 46 | H14: 16.811195 | I14: 318
A15: Normal Weight | B15: 16.069049 | C15: 151 | D15: 15.145349 | E15: 191 | F15: 15.441819 | G15: 76 | H15: 15.526628 | I15: 418
A16: Underweight | B16: 16.257906 | C16: 57 | D16: 14.705128 | E16: 86 | F16: 14.045385 | G16: 15 | H16: 15.190132 | I16: 158
A17: Grand Total | B17: 17.611323 | C17: 728 | D17: 16.133444 | E17: 581 | F17: 17.006419 | G17: 220 | H17: 16.960925 | I17: 1529
A23: Obese patients show the highest average CVD Risk Score (18.42), followed by overweight, normal, and underweight groups, indicating a clear upward trend in risk with increasing BMI. The correlation coefficient (r = 0.61) suggests a moderate-to-strong positive relationship between BMI and cardiovascular risk. This indicates that obesity is a significant contributing factor and should be a primary focus of preventive healthcare strategies.
A26: correlation between bmi and cvd risk score
A27: =CORREL('CVD Dataset'!E:E,'CVD Dataset'!AE:AE) -> 0.61644658

Sheet Central Obesity vs. LDL Trend
A1: 6️⃣ Create Waist-to-Height Ratio quartiles (Q1–Q4) and compare average LDL and Risk Score across quartiles. Does central obesity outperform BMI in predicting risk?
A3: Why:
A4: Central fat distribution may be more predictive than overall weight.
A6: Purpose:
A7: Improves screening accuracy.
A11: Row Labels | B11: Average of Estimated LDL (mg/dL) | C11: Average of CVD Risk Score
A12: Q1 | B12: 112.22753 | C12: 16.722582
A13: Q2 | B13: 106.87647 | C13: 16.759859
A14: Q3 | B14: 109.7017 | C14: 16.961971
A15: Q4 | B15: 117.86607 | C15: 17.473312 | E15: BMI vs CVD Risk Score
A16: Grand Total | B16: 111.63945 | C16: 16.976918 | E16: =CORREL('CVD Dataset'!E:E,'CVD Dataset'!AE:AE) -> 0.61644658
E18: Waist-to-Height Ratio vs CVD Risk Score
A19: Patients in the highest Waist-to-Height Ratio quartile (Q4) show the highest average LDL (117.87 mg/dL) and CVD Risk Score (17.47), indicating that central obesity is strongly associated with cardiovascular risk. The upward trend from Q1 to Q4 suggests a dose-response relationship. If correlation strength exceeds that of BMI (r = 0.61), central obesity may be a stronger predictor of cardiovascular risk and should be emphasized in screening protocols. | E19: =CORREL('CVD Dataset'!W:W, 'CVD Dataset'!AE:AE) -> 0.11509024

Sheet Waist vs. BMI Risk Audit
A1: 7️⃣ Compare correlation of Abdominal Circumference and BMI with CVD Risk Score using Excel CORREL. Which is stronger?
A3: Why:
A4: Some obesity measures may be redundant.
A6: Purpose:
A7: Supports feature selection for modeling.
B11: Abdominal Circumference vs CVD Risk Score
B12: =CORREL('CVD Dataset'!I:I,'CVD Dataset'!AE:AE) -> 0.086472366
B15: BMI vs CVD Risk Score
B16: =CORREL('CVD Dataset'!E:E,'CVD Dataset'!AE:AE) -> 0.61644658
B20: BMI demonstrates a moderate-to-strong positive correlation with CVD Risk Score (r = 0.62), whereas Abdominal Circumference shows a negligible relationship (r ≈ 0.09). This suggests BMI is a significantly stronger linear predictor of cardiovascular risk in this dataset. From a feature selection perspective, BMI provides more predictive value, while Abdominal Circumference may be redundant if included alongside BMI.

Sheet Hidden Risk Factor Analysis
A1: 8️⃣ Identify patients with Normal BMI but High Risk Level. What hidden factors (cholesterol, diabetes, BP) explain this?
A3: Why:
A4: Not all high-risk patients are overweight.
A6: Purpose:
A7: Prevents missed diagnoses.
A9: CVD Risk Level | B9: HIGH
A11: Row Labels | B11: Average of Total Cholesterol (mg/dL) | C11: Total Patients | D11: Total High Risk Patient | E11: Average of CVD Risk Score | F11: Average of Fasting Blood Sugar (mg/dL)
A12: Normal Weight | B12: 207.81944 | C12: 151 | D12: 151 | E12: 16.069049 | F12: 121.02759
A13: Obese | B13: 207.31412 | C13: 360 | D13: 360 | E13: 18.715446 | F13: 116.28736
A14: Overweight | B14: 208.31126 | C14: 160 | D14: 160 | E14: 16.95854 | F14: 115.77483
A15: Underweight | B15: 219.16981 | C15: 57 | D15: 57 | E15: 16.257906 | F15: 115.70909
A16: Grand Total | B16: 208.53957 | C16: 728 | D16: 728 | E16: 17.611323 | F16: 117.11445
A19: Among patients with Normal BMI, 151 individuals are classified as High Risk. Despite normal weight, this subgroup shows elevated fasting blood sugar (~121 mg/dL), borderline high systolic blood pressure (~127 mmHg), and increased cholesterol (~208 mg/dL). This indicates that metabolic factors — rather than obesity alone — are driving cardiovascular risk in this population. Therefore, relying solely on BMI as a screening tool may lead to under-identification of high-risk individuals.

Sheet BP Category & Risk Pivot
A1: 9️⃣ Create BP Category vs Risk Level pivot. What % of Hypertension Stage 2 patients fall into High Risk?
A3: Why:
A4: Severe hypertension should strongly predict risk.
A6: Purpose:
A7: Supports aggressive BP control policies.
A12: Count of Sex | B12: Column Labels
A13: Blood Pressure Category | B13: High Risk Patients | C13: Not High Risk Patients | D13: Grand Total
A14: Elevated | B14: 0.52 | C14: 0.48 | D14: 1
A15: Hypertension Stage 1 | B15: 0.50704225 | C15: 0.49295775 | D15: 1
A16: Hypertension Stage 2 | B16: 0.4414557 | C16: 0.5585443 | D16: 1
A17: Normal | B17: 0.48333333 | C17: 0.51666667 | D17: 1
A18: Grand Total | B18: 0.47612819 | C18: 0.52387181 | D18: 1
A22: 44.15% of patients with Hypertension Stage 2 are classified as High Risk. Surprisingly, this proportion is slightly lower than Stage 1 (50.70%) and Elevated BP (52.00%). This suggests that while blood pressure contributes to risk, other clinical factors (such as diabetes, cholesterol, or age) may have stronger influence in the overall risk classification.

Sheet BP Severity vs. Risk Score
A1: 🔟 Calculate average Risk Score for Normal, Elevated, Stage 1, and Stage 2 BP. Is risk score linearly increasing with severity?
A3: Why:
A4: Risk may escalate non-linearly.
A6: Purpose:
A7: Refines clinical escalation guidelines.
A11: Row Labels | B11: Average of CVD Risk Score
A12: Elevated | B12: 17.213542
A13: Hypertension Stage 1 | B13: 16.88974
A14: Hypertension Stage 2 | B14: 17.56386
A15: Normal | B15: 15.7046
A16: Grand Total | B16: 16.960925
A20: The average CVD Risk Score generally increases with BP severity, from 15.70 (Normal) to 17.56 (Stage 2). However, the progression is not perfectly linear, as Stage 1 (16.89) shows a slightly lower average risk score than Elevated BP (17.21). This suggests that while blood pressure severity contributes to risk escalation, other clinical factors may influence overall risk classification.

Sheet LDL-Driven Risk (Normal BP)
A1: 1️⃣1️⃣ Identify patients with Normal BP, High LDL, and High Risk. What % of total high-risk patients fall into this group?
A3: Why:
A4: Some risk is lipid-driven rather than BP-driven.
A6: Purpose:
A7: Improves lipid-focused intervention planning.
A10: Row Labels | B10: Sum of High Risk Patients (1 or 0)
A11: High Lipid Category | B11: 0.11401099
A12: Normal Category | B12: 0.88598901
A13: Grand Total | B13: 1
A16: Approximately 11.4% of all High Risk patients exhibit Normal Blood Pressure but elevated LDL levels, indicating a lipid-driven risk profile independent of hypertension. While this subgroup is smaller relative to the total high-risk population, it represents a clinically important segment that may benefit from targeted lipid-lowering interventions.

Sheet SBP vs. Risk Score Scatter
A2: 1️⃣2️⃣ Build a scatter analysis (Systolic BP vs Risk Score). Is the relationship linear or clustered?
A4: Why:
A5: Understanding pattern helps predictive modeling.
A7: Purpose:
A8: Supports regression model development.
B12: Correlation Between Systolic BP and Risk Score
B13: =CORREL('CVD Dataset'!K:K,'CVD Dataset'!AE:AE) -> 0.48420794
B17: The scatter plot shows a moderate positive linear relationship between Systolic BP and CVD Risk Score (r = 0.48). Risk score generally increases as systolic BP increases, though the dispersion of points suggests additional factors also influence risk. The relationship appears approximately linear rather than clustered, supporting the suitability of linear regression modeling.

Sheet Cholesterol-Risk Distribution
A1: 1️⃣3️⃣ Segment Total Cholesterol into <150, 150–180, >180. How does Risk Score behave across these groups?
A3: Why:
A4: Cholesterol is a primary atherosclerosis driver.
A6: Purpose:
A7: Strengthens lipid control programs.
A11: Cholestrol Category | B11: Average of CVD Risk Score
A12: >180 | B12: 17.883832
A13: 150-180 | B13: 16.162185
A14: <150 | B14: 15.615627
A15: Grand Total | B15: 16.960925
A19: Average CVD Risk Score increases consistently across cholesterol categories, from 15.62 in the <150 mg/dL group to 17.88 in the >180 mg/dL group. This indicates a clear dose-response relationship between total cholesterol levels and cardiovascular risk, supporting cholesterol as a strong risk-stratifying factor.

Sheet Ratio vs. LDL Risk Analysis
A1: 1️⃣4️⃣ Create LDL/HDL ratio column. Does LDL/HDL ratio predict High Risk better than LDL alone?
A3: Why:
A4: Ratio may better represent lipid imbalance.
A6: Purpose:
A7: Improves predictive risk scoring models.
A9: LDL/HDL ratio VS CVD high Risk
A10: =CORREL('CVD Dataset'!AE:AE,'CVD Dataset'!AC:AC) -> 0.32024272
A12: LDL VS CVD high risk
A13: =CORREL('CVD Dataset'!AB:AB,'CVD Dataset'!AE:AE) -> 0.48484242
A16: The LDL/HDL ratio shows a weaker association with High CVD Risk (r = 0.32) compared to LDL alone (r = 0.48). This indicates that, within this dataset, absolute LDL levels provide stronger discriminatory power for identifying high-risk patients than the LDL/HDL ratio. From a feature selection perspective, LDL alone would be preferred over LDL/HDL ratio due to higher explanatory strength and reduced redundancy.

Sheet Diabetic vs. Non-Diabetic Audit
A1: 1️⃣5️⃣ Compare diabetic vs non-diabetic patients on Avg Fasting Blood Sugar and Avg Risk Score. What is incremental risk due to diabetes?
A3: Why:
A4: Diabetes accelerates vascular damage.
A6: Purpose:
A7: Supports integrated diabetes-cardiology programs.
A12: Diabetes | B12: Average of Fasting Blood Sugar (mg/dL) | C12: Average of CVD Risk Score
A13: Non-Diabetic | B13: 117.13783 | C13: 15.84809
A14: Diabetic | B14: 117.81491 | C14: 18.051111
A15: Grand Total | B15: 117.48564 | C15: 16.960925
A19: Diabetic patients exhibit a significantly higher average CVD Risk Score (18.05) compared to non-diabetic patients (15.85), representing an incremental risk increase of approximately +2.2 points. Interestingly, average fasting blood sugar levels are similar between the two groups, suggesting that diabetes status captures broader metabolic and vascular risk beyond a single glucose measurement. This highlights diabetes as a strong independent risk amplifier for cardiovascular disease.

Sheet High HDL |  High Risk Audit
A1: 1️⃣6️⃣ Identify High HDL but High Risk patients. What other variables are driving their risk?
A3: Why:
A4: Good cholesterol alone may not offset other factors.
A6: Purpose:
A7: Improves multi-factor risk understanding. | D7: Patients with High HDL but High CVD Risk exhibit higher BMI (~30.4), elevated systolic blood pressure (~126.5 mmHg), and borderline LDL levels (~113 mg/dL) compared to the overall population. Despite protective HDL levels, the presence of obesity, hypertension, and metabolic risk factors offsets HDL’s protective effect, resulting in elevated cardiovascular risk. This highlights that HDL alone is insufficient to counteract cumulative cardiometabolic risk, reinforcing the need for multi-factor risk assessment.
A14: High HDL + High Risk Flag | B14: 1
A16: Average of Age | B16: Average of BMI | C16: Average of Systolic BP (Upper limit) | D16: Average of Diastolic BP (lower limit) | E16: Average of Estimated LDL (mg/dL) | F16: Average of Fasting Blood Sugar (mg/dL)
A17: 48.397541 | B17: 30.414291 | C17: 126.51331 | D17: 82.475285 | E17: 113.4 | F17: 118.08627
A21: Average of Age | B21: Average of BMI | C21: Average of Systolic BP (Upper limit) | D21: Average of Diastolic BP (lower limit) | E21: Average of Estimated LDL (mg/dL) | F21: Average of Fasting Blood Sugar (mg/dL)
A22: 47.0255 | B22: 28.465997 | C22: 125.50229 | D22: 82.956181 | E22: 111.55068 | F22: 117.48564

Sheet Lifestyle Risk Index Analysis
A1: 1️⃣7️⃣ Create a combined lifestyle risk index (Smoking, Diabetes, Low Physical Activity, Family History = 1 point each). Does Risk Score increase as index increases?
A3: Why:
A4: Lifestyle risks accumulate.
A6: Purpose:
A7: Quantifies behavioral risk burden.
A10: Lifestyle Risk Index | B10: Average of CVD Risk Score
A11: 0 | B11: 15.914167
A12: 1 | B12: 16.345448
A13: 2 | B13: 17.135686
A14: 3 | B14: 17.760659
A15: 4 | B15: 17.863355
A16: Grand Total | B16: 16.960925
A19: Correlation between Lifestyle Risk Index and Risk Score
A20: =CORREL('CVD Dataset'!U:U,'CVD Dataset'!AE:AE) -> 0.24706132
A22: The average CVD Risk Score increases consistently as the Lifestyle Risk Index rises from 0 to 4, indicating a cumulative effect of adverse lifestyle factors on cardiovascular risk. Although the correlation between the index and risk score is modest (r ≈ 0.25), the monotonic upward trend confirms that lifestyle risks additively contribute to overall cardiovascular risk. This suggests lifestyle factors act as important amplifiers rather than sole drivers of risk.

Sheet Activity Level & Risk Analysis
A1: 1️⃣8️⃣ Analyze Physical Activity Level vs Average Risk Score. Is there visible protective effect?
A3: Why:
A4: Sedentary lifestyle increases CVD probability.
A6: Purpose:
A7: Supports preventive health campaigns.
A11: Physical Activity | B11: Average of CVD Risk Score
A12: Moderate | B12: 16.990745
A13: Low | B13: 16.952489
A14: High | B14: 16.94015
A15: Grand Total | B15: 16.960925
A18: The average CVD Risk Score shows only marginal differences across physical activity levels, with High activity associated with a slightly lower risk score. However, the differences are minimal, indicating that physical activity alone does not exhibit a strong standalone protective effect in this dataset. This suggests that physical activity likely acts as a secondary modifier of cardiovascular risk and must be evaluated in combination with other metabolic and clinical factors.

Sheet Smoking Risk by Age Cohort
A1: 1️⃣9️⃣ Segment smokers by age groups. Does smoking amplify risk more in older patients?
A3: Why:
A4: Smoking damage compounds with age.
A6: Purpose:
A7: Improves age-specific anti-smoking interventions.
A9: Smoking Status | B9: Y
A11: Count of Sex | B11: Smoking_Status
A12: Age Group | B12: HIGH | C12: INTERMEDIARY | D12: LOW | E12: Grand Total
A13: 25-34 | B13: 0.52597403 | C13: 0.31818182 | D13: 0.15584416 | E13: 1
A14: 35-44 | B14: 0.51470588 | C14: 0.42156863 | D14: 0.06372549 | E14: 1
A15: 45-54 | B15: 0.75268817 | C15: 0.15591398 | D15: 0.091397849 | E15: 1
A16: 55-64 | B16: 0.59310345 | C16: 0.26206897 | D16: 0.14482759 | E16: 1
A17: 65-74 | B17: 0.43589744 | C17: 0.28205128 | D17: 0.28205128 | E17: 1
A18: 75-84 | B18: 0.1 | C18: 0.4 | D18: 0.5 | E18: 1
A19: Grand Total | B19: 0.57620321 | C19: 0.29545455 | D19: 0.12834225 | E19: 1
A21: Among smokers, cardiovascular risk peaks in the 45–54 age group, where over 75% are classified as High Risk. While smoking elevates risk across all ages, its amplification effect is strongest in middle age rather than in the oldest cohorts, possibly due to survivor bias in later years.

Sheet BMI Validation Audit
A1: 2️⃣0️⃣Validate BMI calculation using Weight / (Height in meters²). How many mismatches exist?
A3: Why:
A4: Data accuracy affects clinical decisions.
A6: Purpose:
A7: Performs dataset audit and quality control.
A9: Total BMI mismatches to Calculated BMI
A10: 598
A13: Using recalculated BMI from weight and height in meters² and applying a tolerance-based validation (±0.1), 598 records show a true mismatch between stored BMI and calculated BMI. This indicates potential data quality issues such as unit inconsistencies or incorrect BMI derivation, warranting further data cleansing.

Sheet Metric Correlation Matrix
A2: 2️⃣1️⃣Create correlation matrix for BMI, Waist-to-Height Ratio, and Abdominal Circumference. Which predictor is redundant?
A4: Why:
A5: Multicollinearity weakens predictive models.
A7: Purpose:
A8: Improves ML model efficiency. | I8: Waist-to-Height Ratio and Abdominal Circumference are redundant predictors due to very high correlation (~0.90). In a predictive model, one of them should be removed to avoid multicollinearity. Waist-to-Height Ratio is preferable because it is normalized for height and generalizes better across populations.
A12: BMI VS Waist-to-Height Ratio
A13: =CORREL('CVD Dataset'!E:E,'CVD Dataset'!W:W) -> 0.096285843
A16: Waist-to-Height Ratio VS Abdominal Circumference
A17: =CORREL('CVD Dataset'!W:W,'CVD Dataset'!I:I) -> 0.90277512
A20: BMI VS Abdominal Circumference
A21: =CORREL('CVD Dataset'!E:E,'CVD Dataset'!I:I) -> 0.031422487

Sheet CVD Dataset
A1: Sex | B1: Age | C1: Weight (kg) | D1: Height (m) | E1: BMI | F1: Calculated BMI | G1: is BMI same to Calculated BMI | H1: BMI Category | I1: Abdominal Circumference (cm) | J1: Blood Pressure (mmHg) | K1: Systolic BP (Upper limit) | L1: Diastolic BP (lower limit) | M1: Total Cholesterol (mg/dL) | N1: Total Cholesterol Category | O1: HDL (mg/dL) | P1: Fasting Blood Sugar (mg/dL) | Q1: Smoking Status | R1: Diabetes Status | S1: Physical Activity Level | T1: Family History of CVD | U1: lifestyle risk index | V1: Height (cm) | W1: Waist-to-Height Ratio | X1: Waist-to-Height Ratio Quartiles | Y1: Systolic BP | Z1: Diastolic BP | AA1: Blood Pressure Category | AB1: Estimated LDL (mg/dL) | AC1: LDL/HDL | AD1: Lipid Focused Category | AE1: CVD Risk Score | AF1: CVD Risk Level | AG1: High HDL + High Risk Flag | AH1: High Risk Patients | AI1: High Risk Patients (1 or 0) | AJ1: High_Risk_Cohort_Flag
A2: F | B2: 32 | C2: 69.1 | D2: 1.71 | E2: 23.6 | F2: =IFERROR(C2/POWER(D2,2),"") -> 23.631203 | G2: =IF(ABS(E2 - F2) <= 0.1, 0, 1) -> 0 | H2: Normal Weight | I2: 86.2 | J2: 125/79 | K2: 125 | L2: 79 | M2: 248 | N2: >180 | O2: 78 | P2: 111 | Q2: N | R2: Y | S2: Low | T2: N | U2: =SUM(IF(Q2="Y",1,0),IF(R2="Y",1,0),IF(S2="Low",1,0),IF(T2="Y",1,0)) -> 2 | V2: 171 | W2: 0.504 | X2: Q2 | Y2: 125 | Z2: 79 | AA2: Elevated | AB2: 140 | AC2: 1.79 | AD2: =IF(AND('CVD Dataset'!AA2="Normal",'CVD Dataset'!AB2>AVERAGE('CVD Dataset'!AB:AB),'CVD Dataset'!AF2="High"),"High Lipid Category","Normal Category") -> Normal Category | AE2: 17.93 | AF2: INTERMEDIARY | AG2: 0 | AH2: Not High Risk Patients | AI2: =IF(AF2="HIGH",1,0) -> 0 | AJ2: Low Risk Flag
A3: F | B3: 55 | C3: 118.7 | D3: 1.69 | E3: 41.6 | F3: =IFERROR(C3/POWER(D3,2),"") -> 41.560169 | G3: =IF(ABS(E3 - F3) <= 0.1, 0, 1) -> 0 | H3: Obese | I3: 82.5 | J3: 139/70 | K3: 139 | L3: 70 | M3: 162 | N3: 150-180 | O3: 50 | P3: 135 | Q3: Y | R3: Y | S3: High | T3: Y | U3: =SUM(IF(Q3="Y",1,0),IF(R3="Y",1,0),IF(S3="Low",1,0),IF(T3="Y",1,0)) -> 3 | V3: 169 | W3: 0.488 | X3: Q2 | Y3: 139 | Z3: 70 | AA3: Hypertension Stage 1 | AB3: 82 | AC3: 1.64 | AD3: =IF(AND('CVD Dataset'!AA3="Normal",'CVD Dataset'!AB3>AVERAGE('CVD Dataset'!AB:AB),'CVD Dataset'!AF3="High"),"High Lipid Category","Normal Category") -> Normal Category | AE3: 20.51 | AF3: HIGH | AG3: 0 | AH3: High Risk Patients | AI3: =IF(AF3="HIGH",1,0) -> 1 | AJ3: High Risk Flag
A4: M | D4: 1.83 | E4: 26.9 | F4: =IFERROR(C4/POWER(D4,2),"") -> 0 | G4: =IF(ABS(E4 - F4) <= 0.1, 0, 1) -> 1 | H4: Overweight | I4: 106.7 | J4: 104/77 | K4: 104 | L4: 77 | M4: 103 | N4: <150 | O4: 73 | P4: 114 | Q4: N | R4: N | S4: High | T4: Y | U4: =SUM(IF(Q4="Y",1,0),IF(R4="Y",1,0),IF(S4="Low",1,0),IF(T4="Y",1,0)) -> 1 | V4: 183 | W4: 0.583 | X4: Q3 | Y4: 104 | Z4: 77 | AA4: Normal | AB4: 0 | AC4: 0 | AD4: =IF(AND('CVD Dataset'!AA4="Normal",'CVD Dataset'!AB4>AVERAGE('CVD Dataset'!AB:AB),'CVD Dataset'!AF4="High"),"High Lipid Category","Normal Category") -> Normal Category | AE4: 12.64 | AF4: INTERMEDIARY | AG4: 0 | AH4: Not High Risk Patients | AI4: =IF(AF4="HIGH",1,0) -> 0 | AJ4: Low Risk Flag
A5: M | B5: 44 | C5: 108.3 | D5: 1.8 | E5: 33.4 | F5: =IFERROR(C5/POWER(D5,2),"") -> 33.425926 | G5: =IF(ABS(E5 - F5) <= 0.1, 0, 1) -> 0 | H5: Obese | I5: 96.6 | J5: 140/83 | K5: 140 | L5: 83 | M5: 134 | N5: <150 | O5: 46 | P5: 91 | Q5: N | R5: N | S5: High | T5: Y | U5: =SUM(IF(Q5="Y",1,0),IF(R5="Y",1,0),IF(S5="Low",1,0),IF(T5="Y",1,0)) -> 1 | W5: 0.537 | X5: Q3 | Y5: 140 | Z5: 83 | AA5: Hypertension Stage 1 | AB5: 58 | AC5: 1.26 | AD5: =IF(AND('CVD Dataset'!AA5="Normal",'CVD Dataset'!AB5>AVERAGE('CVD Dataset'!AB:AB),'CVD Dataset'!AF5="High"),"High Lipid Category","Normal Category") -> Normal Category | AE5: 16.36 | AF5: INTERMEDIARY | AG5: 0 | AH5: Not High Risk Patients | AI5: =IF(AF5="HIGH",1,0) -> 0 | AJ5: Low Risk Flag
A6: F | B6: 32 | C6: 99.5 | D6: 1.86 | E6: 28.8 | F6: =IFERROR(C6/POWER(D6,2),"") -> 28.76055 | G6: =IF(ABS(E6 - F6) <= 0.1, 0, 1) -> 0 | H6: Overweight | I6: 102.7 | J6: 144/83 | K6: 144 | L6: 83 | M6: 146 | N6: <150 | O6: 64 | P6: 141 | Q6: Y | R6: Y | S6: High | T6: N | U6: =SUM(IF(Q6="Y",1,0),IF(R6="Y",1,0),IF(S6="Low",1,0),IF(T6="Y",1,0)) -> 2 | V6: 186 | W6: 0.552 | X6: Q3 | Y6: 144 | Z6: 83 | AA6: Hypertension Stage 1 | AB6: 52 | AC6: 0.81 | AD6: =IF(AND('CVD Dataset'!AA6="Normal",'CVD Dataset'!AB6>AVERAGE('CVD Dataset'!AB:AB),'CVD Dataset'!AF6="High"),"High Lipid Category","Normal Category") -> Normal Category | AE6: 17.88 | AF6: INTERMEDIARY | AG6: 0 | AH6: Not High Risk Patients | AI6: =IF(AF6="HIGH",1,0) -> 0 | AJ6: Low Risk Flag
A7: F | B7: 58 | C7: 117.9 | D7: 1.87 | E7: 33.7 | F7: =IFERROR(C7/POWER(D7,2),"") -> 33.715577 | G7: =IF(ABS(E7 - F7) <= 0.1, 0, 1) -> 0 | H7: Obese | I7: 81.4 | J7: 142/90 | K7: 142 | L7: 90 | M7: 156 | N7: 150-180 | O7: 67 | P7: 82 | Q7: Y | R7: N | S7: Moderate | T7: Y | U7: =SUM(IF(Q7="Y",1,0),IF(R7="Y",1,0),IF(S7="Low",1,0),IF(T7="Y",1,0)) -> 2 | V7: 187 | W7: 0.435 | X7: Q1 | Y7: 142 | Z7: 90 | AA7: Hypertension Stage 2 | AB7: 59 | AC7: 0.88 | AD7: =IF(AND('CVD Dataset'!AA7="Normal",'CVD Dataset'!AB7>AVERAGE('CVD Dataset'!AB:AB),'CVD Dataset'!AF7="High"),"High Lipid Category","Normal Category") -> Normal Category | AE7: 16.96 | AF7: HIGH | AG7: 1 | AH7: High Risk Patients | AI7: =IF(AF7="HIGH",1,0) -> 1 | AJ7: Low Risk Flag
A8: M | B8: 33 | C8: 117.9 | D8: 1.82 | E8: 35.6 | F8: =IFERROR(C8/POWER(D8,2),"") -> 35.593527 | G8: =IF(ABS(E8 - F8) <= 0.1, 0, 1) -> 0 | H8: Obese | I8: 74.8 | J8: 96/63 | K8: 96 | L8: 63 | M8: 184 | N8: >180 | O8: 66 | P8: 87 | Q8: N | R8: Y | S8: Low | T8: N | U8: =SUM(IF(Q8="Y",1,0),IF(R8="Y",1,0),IF(S8="Low",1,0),IF(T8="Y",1,0)) -> 2 | V8: 182 | W8: 0.411 | X8: Q1 | Y8: 96 | Z8: 63 | AA8: Normal | AB8: 88 | AC8: 1.33 | AD8: =IF(AND('CVD Dataset'!AA8="Normal",'CVD Dataset'!AB8>AVERAGE('CVD Dataset'!AB:AB),'CVD Dataset'!AF8="High"),"High Lipid Category","Normal Category") -> Normal Category | AE8: 17.6 | AF8: INTERMEDIARY | AG8: 0 | AH8: Not High Risk Patients | AI8: =IF(AF8="HIGH",1,0) -> 0 | AJ8: Low Risk Flag
A9: M | B9: 55 | C9: 100.1 | D9: 1.74 | E9: 33.1 | F9: =IFERROR(C9/POWER(D9,2),"") -> 33.062492 | G9: =IF(ABS(E9 - F9) <= 0.1, 0, 1) -> 0 | H9: Obese | I9: 96.6 | J9: 115/73 | K9: 115 | L9: 73 | M9: 287 | N9: >180 | O9: 40 | P9: 96 | Q9: Y | R9: N | S9: Moderate | T9: N | U9: =SUM(IF(Q9="Y",1,0),IF(R9="Y",1,0),IF(S9="Low",1,0),IF(T9="Y",1,0)) -> 1 | V9: 174 | W9: 0.555 | X9: Q3 | Y9: 115 | Z9: 73 | AA9: Normal | AB9: 217 | AC9: 5.43 | AD9: =IF(AND('CVD Dataset'!AA9="Normal",'CVD Dataset'!AB9>AVERAGE('CVD Dataset'!AB:AB),'CVD Dataset'!AF9="High"),"High Lipid Category","Normal Category") -> High Lipid Category | AE9: 18.11 | AF9: HIGH | AG9: 0 | AH9: High Risk Patients | AI9: =IF(AF9="HIGH",1,0) -> 1 | AJ9: Low Risk Flag
A10: F | B10: 37 | C10: 110.1 | D10: 1.86 | E10: 31.8 | F10: =IFERROR(C10/POWER(D10,2),"") -> 31.824488 | G10: =IF(ABS(E10 - F10) <= 0.1, 0, 1) -> 0 | H10: Obese | I10: 92.4 | J10: 107/95 | K10: 107 | L10: 95 | M10: 177 | N10: 150-180 | O10: 68 | P10: 70 | Q10: Y | R10: N | S10: High | T10: N | U10: =SUM(IF(Q10="Y",1,0),IF(R10="Y",1,0),IF(S10="Low",1,0),IF(T10="Y",1,0)) -> 1 | V10: 186 | W10: 0.497 | X10: Q2 | Z10: 95 | AA10: Hypertension Stage 2 | AB10: 79 | AC10: 1.16 | AD10: =IF(AND('CVD Dataset'!AA10="Normal",'CVD Dataset'!AB10>AVERAGE('CVD Dataset'!AB:AB),'CVD Dataset'!AF10="High"),"High Lipid Category","Normal Category") -> Normal Category | AE10: 15.25 | AF10: INTERMEDIARY | AG10: 0 | AH10: Not High Risk Patients | AI10: =IF(AF10="HIGH",1,0) -> 0 | AJ10: Low Risk Flag
A11: F | B11: 58 | C11: 97.6 | D11: 1.86 | E11: 28.2 | F11: =IFERROR(C11/POWER(D11,2),"") -> 28.211354 | G11: =IF(ABS(E11 - F11) <= 0.1, 0, 1) -> 0 | H11: Overweight | I11: 74.6 | J11: 133/83 | K11: 133 | L11: 83 | M11: 281 | N11: >180 | O11: 68 | P11: 126 | Q11: N | R11: N | S11: Moderate | T11: N | U11: =SUM(IF(Q11="Y",1,0),IF(R11="Y",1,0),IF(S11="Low",1,0),IF(T11="Y",1,0)) -> 0 | V11: 186 | W11: 0.401 | X11: Q1 | Y11: 133 | Z11: 83 | AA11: Hypertension Stage 1 | AB11: 183 | AC11: 2.69 | AD11: =IF(AND('CVD Dataset'!AA11="Normal",'CVD Dataset'!AB11>AVERAGE('CVD Dataset'!AB:AB),'CVD Dataset'!AF11="High"),"High Lipid Category","Normal Category") -> Normal Category | AE11: 17.91 | AF11: INTERMEDIARY | AG11: 0 | AH11: Not High Risk Patients | AI11: =IF(AF11="HIGH",1,0) -> 0 | AJ11: Low Risk Flag
A12: F | B12: 38 | C12: 75.6 | D12: 1.6 | E12: 29.5 | F12: =IFERROR(C12/POWER(D12,2),"") -> 29.53125 | G12: =IF(ABS(E12 - F12) <= 0.1, 0, 1) -> 0 | H12: Overweight | I12: 72.3 | J12: 129/87 | K12: 129 | L12: 87 | M12: 269 | N12: >180 | O12: 61 | P12: 74 | Q12: Y | R12: Y | S12: Low | T12: Y | U12: =SUM(IF(Q12="Y",1,0),IF(R12="Y",1,0),IF(S12="Low",1,0),IF(T12="Y",1,0)) -> 4 | V12: 160 | W12: 0.452 | X12: Q1 | Y12: 129 | Z12: 87 | AA12: Hypertension Stage 1 | AB12: 178 | AC12: 2.92 | AD12: =IF(AND('CVD Dataset'!AA12="Normal",'CVD Dataset'!AB12>AVERAGE('CVD Dataset'!AB:AB),'CVD Dataset'!AF12="High"),"High Lipid Category","Normal Category") -> Normal Category | AE12: 19.73 | AF12: HIGH | AG12: 1 | AH12: High Risk Patients | AI12: =IF(AF12="HIGH",1,0) -> 1 | AJ12: Low Risk Flag
A13: F | B13: 32 | C13: 90.2 | D13: 1.85 | E13: 26.4 | F13: =IFERROR(C13/POWER(D13,2),"") -> 26.355004 | G13: =IF(ABS(E13 - F13) <= 0.1, 0, 1) -> 0 | H13: Overweight | I13: 71.8 | J13: 134/91 | K13: 134 | L13: 91 | M13: 231 | N13: >180 | O13: 53 | P13: 121 | Q13: N | R13: Y | S13: Moderate | T13: N | U13: =SUM(IF(Q13="Y",1,0),IF(R13="Y",1,0),IF(S13="Low",1,0),IF(T13="Y",1,0)) -> 1 | V13: 185 | W13: 0.388 | X13: Q1 | Y13: 134 | Z13: 91 | AA13: Hypertension Stage 1 | AB13: 148 | AC13: 2.79 | AD13: =IF(AND('CVD Dataset'!AA13="Normal",'CVD Dataset'!AB13>AVERAGE('CVD Dataset'!AB:AB),'CVD Dataset'!AF13="High"),"High Lipid Category","Normal Category") -> Normal Category | AE13: 18.6 | AF13: INTERMEDIARY | AG13: 0 | AH13: Not High Risk Patients | AI13: =IF(AF13="HIGH",1,0) -> 0 | AJ13: Low Risk Flag
A14: M | B14: 48 | E14: 28.8 | F14: =IFERROR(C14/POWER(D14,2),"") | G14: =IFERROR(IF(ABS(E14 - F14) <= 0.1, 0, 1),"") | H14: Overweight | I14: 79.7 | J14: 102/63 | K14: 102 | L14: 63 | M14: 245 | N14: >180 | O14: 72 | P14: 97 | Q14: Y | R14: N | S14: Low | T14: Y | U14: =SUM(IF(Q14="Y",1,0),IF(R14="Y",1,0),IF(S14="Low",1,0),IF(T14="Y",1,0)) -> 3 | V14: 178 | W14: 0.448 | X14: Q1 | Y14: 102 | Z14: 63 | AA14: Normal | AB14: 143 | AC14: 1.99 | AD14: =IF(AND('CVD Dataset'!AA14="Normal",'CVD Dataset'!AB14>AVERAGE('CVD Dataset'!AB:AB),'CVD Dataset'!AF14="High"),"High Lipid Category","Normal Category") -> High Lipid Category | AE14: 15.76 | AF14: HIGH | AG14: 1 | AH14: High Risk Patients | AI14: =IF(AF14="HIGH",1,0) -> 1 | AJ14: Low Risk Flag
A15: M | B15: 38 | C15: 117 | D15: 1.81 | E15: 35.7 | F15: =IFERROR(C15/POWER(D15,2),"") -> 35.713196 | G15: =IFERROR(IF(ABS(E15 - F15) <= 0.1, 0, 1),"") -> 0 | H15: Obese | I15: 79.3 | J15: 142/92 | K15: 142 | L15: 92 | M15: 206 | N15: >180 | O15: 51 | P15: 122 | Q15: Y | R15: Y | S15: High | T15: Y | U15: =SUM(IF(Q15="Y",1,0),IF(R15="Y",1,0),IF(S15="Low",1,0),IF(T15="Y",1,0)) -> 3 | V15: 181 | W15: 0.438 | X15: Q1 | Y15: 142 | Z15: 92 | AA15: Hypertension Stage 2 | AB15: 125 | AC15: 2.45 | AD15: =IF(AND('CVD Dataset'!AA15="Normal",'CVD Dataset'!AB15>AVERAGE('CVD Dataset'!AB:AB),'CVD Dataset'!AF15="High"),"High Lipid Category","Normal Category") -> Normal Category | AE15: 20.36 | AF15: HIGH | AG15: 0 | AH15: High Risk Patients | AI15: =IF(AF15="HIGH",1,0) -> 1 | AJ15: Low Risk Flag
A16: M | B16: 58 | C16: 104.2 | D16: 1.73 | E16: 34.8 | F16: =IFERROR(C16/POWER(D16,2),"") -> 34.815731 | G16: =IFERROR(IF(ABS(E16 - F16) <= 0.1, 0, 1),"") -> 0 | H16: Obese | I16: 108.4 | J16: 101/64 | K16: 101 | L16: 64 | N16: <150 | O16: 68 | P16: 142 | Q16: Y | R16: Y | S16: Low | T16: Y | U16: =SUM(IF(Q16="Y",1,0),IF(R16="Y",1,0),IF(S16="Low",1,0),IF(T16="Y",1,0)) -> 4 | V16: 173 | W16: 0.627 | X16: Q4 | Y16: 101 | Z16: 64 | AA16: Normal | AB16: 190 | AC16: 2.79 | AD16: =IF(AND('CVD Dataset'!AA16="Normal",'CVD Dataset'!AB16>AVERAGE('CVD Dataset'!AB:AB),'CVD Dataset'!AF16="High"),"High Lipid Category","Normal Category") -> High Lipid Category | AF16: HIGH | AG16: 1 | AH16: High Risk Patients | AI16: =IF(AF16="HIGH",1,0) -> 1 | AJ16: Low Risk Flag
A17: M | B17: 38 | C17: 116.5 | D17: 1.64 | E17: 43.3 | F17: =IFERROR(C17/POWER(D17,2),"") -> 43.314991 | G17: =IFERROR(IF(ABS(E17 - F17) <= 0.1, 0, 1),"") -> 0 | H17: Obese | I17: 76.7 | J17: 101/67 | K17: 101 | L17: 67 | M17: 115 | N17: <150 | O17: 41 | P17: 111 | Q17: N | R17: N | S17: Low | T17: N | U17: =SUM(IF(Q17="Y",1,0),IF(R17="Y",1,0),IF(S17="Low",1,0),IF(T17="Y",1,0)) -> 1 | V17: 164 | W17: 0.468 | X17: Q2 | Y17: 101 | Z17: 67 | AA17: Normal | AB17: 44 | AC17: 1.07 | AD17: =IF(AND('CVD Dataset'!AA17="Normal",'CVD Dataset'!AB17>AVERAGE('CVD Dataset'!AB:AB),'CVD Dataset'!AF17="High"),"High Lipid Category","Normal Category") -> Normal Category | AE17: 16.01 | AF17: INTERMEDIARY | AG17: 0 | AH17: Not High Risk Patients | AI17: =IF(AF17="HIGH",1,0) -> 0 | AJ17: Low Risk Flag
A18: F | B18: 41 | C18: 60.8 | D18: 1.68 | E18: 21.5 | F18: =IFERROR(C18/POWER(D18,2),"") -> 21.54195 | G18: =IFERROR(IF(ABS(E18 - F18) <= 0.1, 0, 1),"") -> 0 | H18: Normal Weight | I18: 77.1 | J18: 138/99 | K18: 138 | L18: 99 | N18: <150 | O18: 60 | Q18: Y | R18: Y | S18: Low | T18: N | U18: =SUM(IF(Q18="Y",1,0),IF(R18="Y",1,0),IF(S18="Low",1,0),IF(T18="Y",1,0)) -> 3 | V18: 168 | Y18: 138 | Z18: 99 | AA18: Hypertension Stage 1 | AB18: 138 | AC18: 2.3 | AD18: =IF(AND('CVD Dataset'!AA18="Normal",'CVD Dataset'!AB18>AVERAGE('CVD Dataset'!AB:AB),'CVD Dataset'!AF18="High"),"High Lipid Category","Normal Category") -> Normal Category | AE18: 17.76 | AF18: HIGH | AG18: 1 | AH18: High Risk Patients | AI18: =IF(AF18="HIGH",1,0) -> 1 | AJ18: Low Risk Flag
A19: M | B19: 57 | C19: 94.5 | D19: 1.8 | E19: 29.2 | F19: =IFERROR(C19/POWER(D19,2),"") -> 29.166667 | G19: =IFERROR(IF(ABS(E19 - F19) <= 0.1, 0, 1),"") -> 0 | H19: Overweight | I19: 89.9 | J19: 129/100 | K19: 129 | L19: 100 | N19: <150 | O19: 64 | P19: 109 | Q19: N | R19: Y | S19: Moderate | T19: N | U19: =SUM(IF(Q19="Y",1,0),IF(R19="Y",1,0),IF(S19="Low",1,0),IF(T19="Y",1,0)) -> 1 | V19: 180 | W19: 0.499 | X19: Q2 | Y19: 129 | Z19: 100 | AA19: Hypertension Stage 2 | AB19: 78 | AC19: 1.22 | AD19: =IF(AND('CVD Dataset'!AA19="Normal",'CVD Dataset'!AB19>AVERAGE('CVD Dataset'!AB:AB),'CVD Dataset'!AF19="High"),"High Lipid Category","Normal Category") -> Normal Category | AE19: 17.73 | AF19: INTERMEDIARY | AG19: 0 | AH19: Not High Risk Patients | AI19: =IF(AF19="HIGH",1,0) -> 0 | AJ19: High Risk Flag
A20: F | B20: 41 | C20: 58.3 | D20: 1.85 | E20: 17 | F20: =IFERROR(C20/POWER(D20,2),"") -> 17.034332 | G20: =IFERROR(IF(ABS(E20 - F20) <= 0.1, 0, 1),"") -> 0 | H20: Underweight | I20: 100.6 | J20: 138/96 | K20: 138 | L20: 96 | M20: 167 | N20: 150-180 | O20: 51 | P20: 135 | Q20: N | R20: N | S20: Moderate | T20: Y | U20: =SUM(IF(Q20="Y",1,0),IF(R20="Y",1,0),IF(S20="Low",1,0),IF(T20="Y",1,0)) -> 1 | V20: 185 | Y20: 138 | Z20: 96 | AA20: Hypertension Stage 1 | AB20: 86 | AC20: 1.69 | AD20: =IF(AND('CVD Dataset'!AA20="Normal",'CVD Dataset'!AB20>AVERAGE('CVD Dataset'!AB:AB),'CVD Dataset'!AF20="High"),"High Lipid Category","Normal Category") -> Normal Category | AE20: 13.64 | AF20: LOW | AG20: 0 | AH20: Not High Risk Patients | AI20: =IF(AF20="HIGH",1,0) -> 0 | AJ20: Low Risk Flag
A21: F | B21: 48 | C21: 50.6 | D21: 1.7 | E21: 17.5 | F21: =IFERROR(C21/POWER(D21,2),"") -> 17.508651 | G21: =IFERROR(IF(ABS(E21 - F21) <= 0.1, 0, 1),"") -> 0 | H21: Underweight | J21: 95/92 | K21: 95 | L21: 92 | M21: 185 | N21: >180 | O21: 68 | P21: 116 | Q21: Y | R21: N | S21: Low | T21: Y | U21: =SUM(IF(Q21="Y",1,0),IF(R21="Y",1,0),IF(S21="Low",1,0),IF(T21="Y",1,0)) -> 3 | V21: 170 | W21: 0.646 | X21: Q4 | Y21: 95 | Z21: 92 | AA21: Hypertension Stage 2 | AB21: 87 | AC21: 1.28 | AD21: =IF(AND('CVD Dataset'!AA21="Normal",'CVD Dataset'!AB21>AVERAGE('CVD Dataset'!AB:AB),'CVD Dataset'!AF21="High"),"High Lipid Category","Normal Category") -> Normal Category | AE21: 11.95 | AF21: HIGH | AG21: 1 | AH21: High Risk Patients | AI21: =IF(AF21="HIGH",1,0) -> 1 | AJ21: Low Risk Flag
A22: F | B22: 40 | C22: 85.6 | D22: 1.77 | E22: 27.3 | F22: =IFERROR(C22/POWER(D22,2),"") -> 27.322928 | G22: =IFERROR(IF(ABS(E22 - F22) <= 0.1, 0, 1),"") -> 0 | H22: Overweight | I22: 98.7 | J22: 132/92 | K22: 132 | L22: 92 | M22: 282 | N22: >180 | O22: 80 | P22: 112 | Q22: Y | R22: Y | S22: Low | T22: Y | U22: =SUM(IF(Q22="Y",1,0),IF(R22="Y",1,0),IF(S22="Low",1,0),IF(T22="Y",1,0)) -> 4 | V22: 177 | W22: 0.558 | X22: Q3 | Y22: 132 | Z22: 92 | AA22: Hypertension Stage 1 | AB22: 172 | AC22: 2.15 | AD22: =IF(AND('CVD Dataset'!AA22="Normal",'CVD Dataset'!AB22>AVERAGE('CVD Dataset'!AB:AB),'CVD Dataset'!AF22="High"),"High Lipid Category","Normal Category") -> Normal Category | AE22: 19.7 | AF22: HIGH | AG22: 1 | AH22: High Risk Patients | AI22: =IF(AF22="HIGH",1,0) -> 1 | AJ22: Low Risk Flag
A23: F | B23: 39 | C23: 92.7 | D23: 1.61 | E23: 35.8 | F23: =IFERROR(C23/POWER(D23,2),"") -> 35.762509 | G23: =IFERROR(IF(ABS(E23 - F23) <= 0.1, 0, 1),"") -> 0 | H23: Obese | I23: 105.6 | J23: 120/89 | K23: 120 | L23: 89 | M23: 176 | N23: 150-180 | O23: 71 | P23: 85 | Q23: Y | R23: N | S23: Low | T23: Y | U23: =SUM(IF(Q23="Y",1,0),IF(R23="Y",1,0),IF(S23="Low",1,0),IF(T23="Y",1,0)) -> 3 | V23: 161 | W23: 0.656 | X23: Q4 | Y23: 120 | Z23: 89 | AA23: Hypertension Stage 1 | AB23: 75 | AC23: 1.06 | AD23: =IF(AND('CVD Dataset'!AA23="Normal",'CVD Dataset'!AB23>AVERAGE('CVD Dataset'!AB:AB),'CVD Dataset'!AF23="High"),"High Lipid Category","Normal Category") -> Normal Category | AE23: 16.68 | AF23: HIGH | AG23: 1 | AH23: High Risk Patients | AI23: =IF(AF23="HIGH",1,0) -> 1 | AJ23: Low Risk Flag
A24: F | B24: 34 | C24: 90.4 | E24: 25 | F24: =IFERROR(C24/POWER(D24,2),"") | G24: =IFERROR(IF(ABS(E24 - F24) <= 0.1, 0, 1),"") | H24: Overweight | I24: 71.4 | J24: 121/79 | K24: 121 | L24: 79 | M24: 149 | N24: <150 | O24: 76 | P24: 114 | Q24: N | R24: Y | S24: Low | T24: Y | U24: =SUM(IF(Q24="Y",1,0),IF(R24="Y",1,0),IF(S24="Low",1,0),IF(T24="Y",1,0)) -> 3 | V24: 190 | W24: 0.376 | X24: Q1 | AA24: Elevated | AB24: 43 | AC24: 0.57 | AD24: =IF(AND('CVD Dataset'!AA24="Normal",'CVD Dataset'!AB24>AVERAGE('CVD Dataset'!AB:AB),'CVD Dataset'!AF24="High"),"High Lipid Category","Normal Category") -> Normal Category | AE24: 16.03 | AF24: HIGH | AG24: 1 | AH24: High Risk Patients | AI24: =IF(AF24="HIGH",1,0) -> 1 | AJ24: Low Risk Flag
A25: F | B25: 35 | C25: 60.1 | D25: 1.76 | E25: 19.4 | F25: =IFERROR(C25/POWER(D25,2),"") -> 19.402118 | G25: =IFERROR(IF(ABS(E25 - F25) <= 0.1, 0, 1),"") -> 0 | H25: Normal Weight | I25: 86.9 | J25: 102/74 | K25: 102 | L25: 74 | M25: 191 | N25: >180 | O25: 65 | P25: 86 | Q25: N | R25: N | S25: Moderate | T25: Y | U25: =SUM(IF(Q25="Y",1,0),IF(R25="Y",1,0),IF(S25="Low",1,0),IF(T25="Y",1,0)) -> 1 | V25: 176 | W25: 0.494 | X25: Q2 | Y25: 102 | Z25: 74 | AA25: Normal | AB25: 96 | AC25: 1.48 | AD25: =IF(AND('CVD Dataset'!AA25="Normal",'CVD Dataset'!AB25>AVERAGE('CVD Dataset'!AB:AB),'CVD Dataset'!AF25="High"),"High Lipid Category","Normal Category") -> Normal Category | AE25: 12.8 | AF25: LOW | AG25: 0 | AH25: Not High Risk Patients | AI25: =IF(AF25="HIGH",1,0) -> 0 | AJ25: Low Risk Flag
A26: M | B26: 36 | C26: 96 | D26: 1.63 | E26: 36.1 | F26: =IFERROR(C26/POWER(D26,2),"") -> 36.132335 | G26: =IFERROR(IF(ABS(E26 - F26) <= 0.1, 0, 1),"") -> 0 | H26: Obese | I26: 78.2 | J26: 98/99 | K26: 98 | L26: 99 | M26: 158 | N26: 150-180 | O26: 39 | P26: 108 | Q26: Y | R26: Y | S26: Low | T26: Y | U26: =SUM(IF(Q26="Y",1,0),IF(R26="Y",1,0),IF(S26="Low",1,0),IF(T26="Y",1,0)) -> 4 | V26: 163 | W26: 0.48 | X26: Q2 | Y26: 98 | Z26: 99 | AA26: Hypertension Stage 2 | AB26: 89 | AC26: 2.28 | AD26: =IF(AND('CVD Dataset'!AA26="Normal",'CVD Dataset'!AB26>AVERAGE('CVD Dataset'!AB:AB),'CVD Dataset'!AF26="High"),"High Lipid Category","Normal Category") -> Normal Category | AE26: 17.28 | AF26: HIGH | AG26: 0 | AH26: High Risk Patients | AI26: =IF(AF26="HIGH",1,0) -> 1 | AJ26: Low Risk Flag
A27: F | B27: 53 | C27: 68.9 | D27: 1.88 | E27: 19.5 | F27: =IFERROR(C27/POWER(D27,2),"") -> 19.494115 | G27: =IFERROR(IF(ABS(E27 - F27) <= 0.1, 0, 1),"") -> 0 | H27: Normal Weight | I27: 84.6 | J27: 137/70 | K27: 137 | L27: 70 | M27: 156 | N27: 150-180 | P27: 128 | Q27: Y | R27: Y | S27: High | T27: Y | U27: =SUM(IF(Q27="Y",1,0),IF(R27="Y",1,0),IF(S27="Low",1,0),IF(T27="Y",1,0)) -> 3 | V27: 188 | W27: 0.45 | X27: Q1 | Y27: 137 | Z27: 70 | AA27: Hypertension Stage 1 | AB27: 47 | AD27: =IF(AND('CVD Dataset'!AA27="Normal",'CVD Dataset'!AB27>AVERAGE('CVD Dataset'!AB:AB),'CVD Dataset'!AF27="High"),"High Lipid Category","Normal Category") -> Normal Category | AE27: 15.87 | AF27: HIGH | AG27: 0 | AH27: High Risk Patients | AI27: =IF(AF27="HIGH",1,0) -> 1 | AJ27: High Risk Flag
A28: F | B28: 55 | C28: 96 | D28: 1.65 | E28: 35.3 | F28: =IFERROR(C28/POWER(D28,2),"") -> 35.261708 | G28: =IFERROR(IF(ABS(E28 - F28) <= 0.1, 0, 1),"") -> 0 | H28: Obese | I28: 83.6 | J28: 148/97 | K28: 148 | L28: 97 | M28: 160 | N28: 150-180 | O28: 41 | Q28: N | R28: N | S28: Low | T28: Y | U28: =SUM(IF(Q28="Y",1,0),IF(R28="Y",1,0),IF(S28="Low",1,0),IF(T28="Y",1,0)) -> 2 | V28: 165 | W28: 0.507 | X28: Q2 | Y28: 148 | AA28: Hypertension Stage 2 | AB28: 89 | AC28: 2.17 | AD28: =IF(AND('CVD Dataset'!AA28="Normal",'CVD Dataset'!AB28>AVERAGE('CVD Dataset'!AB:AB),'CVD Dataset'!AF28="High"),"High Lipid Category","Normal Category") -> Normal Category | AE28: 17.66 | AF28: HIGH | AG28: 0 | AH28: High Risk Patients | AI28: =IF(AF28="HIGH",1,0) -> 1 | AJ28: Low Risk Flag
A29: M | B29: 47 | C29: 111.6 | D29: 1.73 | F29: =IFERROR(C29/POWER(D29,2),"") -> 37.288249 | G29: =IFERROR(IF(ABS(E29 - F29) <= 0.1, 0, 1),"") -> 1 | H29: Underweight | I29: 75.9 | J29: 128/66 | K29: 128 | L29: 66 | M29: 283 | N29: >180 | O29: 64 | P29: 142 | Q29: Y | R29: N | S29: Low | T29: N | U29: =SUM(IF(Q29="Y",1,0),IF(R29="Y",1,0),IF(S29="Low",1,0),IF(T29="Y",1,0)) -> 2 | V29: 173 | W29: 0.439 | X29: Q1 | Y29: 128 | Z29: 66 | AA29: Elevated | AB29: 189 | AC29: 2.95 | AD29: =IF(AND('CVD Dataset'!AA29="Normal",'CVD Dataset'!AB29>AVERAGE('CVD Dataset'!AB:AB),'CVD Dataset'!AF29="High"),"High Lipid Category","Normal Category") -> Normal Category | AE29: 19.52 | AF29: HIGH | AG29: 1 | AH29: High Risk Patients | AI29: =IF(AF29="HIGH",1,0) -> 1 | AJ29: Low Risk Flag
A30: M | B30: 55 | C30: 106 | D30: 1.82 | E30: 32 | F30: =IFERROR(C30/POWER(D30,2),"") -> 32.000966 | G30: =IFERROR(IF(ABS(E30 - F30) <= 0.1, 0, 1),"") -> 0 | H30: Obese | I30: 109.3 | J30: 97/63 | K30: 97 | L30: 63 | M30: 287 | N30: >180 | O30: 35 | P30: 130 | Q30: N | R30: Y | S30: Moderate | T30: N | U30: =SUM(IF(Q30="Y",1,0),IF(R30="Y",1,0),IF(S30="Low",1,0),IF(T30="Y",1,0)) -> 1 | V30: 182 | W30: 0.601 | X30: Q4 | Y30: 97 | Z30: 63 | AA30: Normal | AB30: 222 | AC30: 6.34 | AD30: =IF(AND('CVD Dataset'!AA30="Normal",'CVD Dataset'!AB30>AVERAGE('CVD Dataset'!AB:AB),'CVD Dataset'!AF30="High"),"High Lipid Category","Normal Category") -> High Lipid Category | AE30: 18.99 | AF30: HIGH | AG30: 0 | AH30: High Risk Patients | AI30: =IF(AF30="HIGH",1,0) -> 1 | AJ30: Low Risk Flag
A31: M | B31: 30 | D31: 1.83 | E31: 22.6 | F31: =IFERROR(C31/POWER(D31,2),"") -> 0 | G31: =IFERROR(IF(ABS(E31 - F31) <= 0.1, 0, 1),"") -> 1 | H31: Normal Weight | I31: 75.1 | J31: 91/95 | K31: 91 | L31: 95 | M31: 277 | N31: >180 | O31: 32 | P31: 73 | Q31: Y | R31: N | S31: Moderate | T31: Y | U31: =SUM(IF(Q31="Y",1,0),IF(R31="Y",1,0),IF(S31="Low",1,0),IF(T31="Y",1,0)) -> 2 | V31: 183 | W31: 0.41 | X31: Q1 | Y31: 91 | Z31: 95 | AA31: Hypertension Stage 2 | AB31: 215 | AC31: 6.72 | AD31: =IF(AND('CVD Dataset'!AA31="Normal",'CVD Dataset'!AB31>AVERAGE('CVD Dataset'!AB:AB),'CVD Dataset'!AF31="High"),"High Lipid Category","Normal Category") -> Normal Category | AE31: 14.61 | AF31: HIGH | AG31: 0 | AH31: High Risk Patients | AI31: =IF(AF31="HIGH",1,0) -> 1 | AJ31: Low Risk Flag
A32: F | B32: 58 | C32: 64.7 | D32: 1.64 | E32: 24.1 | F32: =IFERROR(C32/POWER(D32,2),"") -> 24.055622 | G32: =IFERROR(IF(ABS(E32 - F32) <= 0.1, 0, 1),"") -> 0 | H32: Normal Weight | I32: 82.1 | J32: 97/75 | K32: 97 | L32: 75 | M32: 151 | N32: 150-180 | O32: 40 | P32: 123 | Q32: Y | R32: N | S32: Low | T32: N | U32: =SUM(IF(Q32="Y",1,0),IF(R32="Y",1,0),IF(S32="Low",1,0),IF(T32="Y",1,0)) -> 2 | V32: 164 | Y32: 97 | Z32: 75 | AA32: Normal | AB32: 81 | AC32: 2.03 | AD32: =IF(AND('CVD Dataset'!AA32="Normal",'CVD Dataset'!AB32>AVERAGE('CVD Dataset'!AB:AB),'CVD Dataset'!AF32="High"),"High Lipid Category","Normal Category") -> Normal Category | AE32: 12.69 | AF32: INTERMEDIARY | AG32: 0 | AH32: Not High Risk Patients | AI32: =IF(AF32="HIGH",1,0) -> 0 | AJ32: Low Risk Flag
A33: F | B33: 31 | C33: 51.6 | D33: 1.71 | E33: 17.6 | F33: =IFERROR(C33/POWER(D33,2),"") -> 17.646455 | G33: =IFERROR(IF(ABS(E33 - F33) <= 0.1, 0, 1),"") -> 0 | H33: Underweight | I33: 93.7 | J33: 109/64 | K33: 109 | L33: 64 | M33: 165 | N33: 150-180 | O33: 79 | P33: 136 | Q33: Y | R33: Y | S33: Low | T33: N | U33: =SUM(IF(Q33="Y",1,0),IF(R33="Y",1,0),IF(S33="Low",1,0),IF(T33="Y",1,0)) -> 3 | V33: 171 | W33: 0.548 | X33: Q3 | Y33: 109 | Z33: 64 | AA33: Normal | AB33: 56 | AC33: 0.71 | AD33: =IF(AND('CVD Dataset'!AA33="Normal",'CVD Dataset'!AB33>AVERAGE('CVD Dataset'!AB:AB),'CVD Dataset'!AF33="High"),"High Lipid Category","Normal Category") -> Normal Category | AE33: 14.27 | AF33: INTERMEDIARY | AG33: 0 | AH33: Not High Risk Patients | AI33: =IF(AF33="HIGH",1,0) -> 0 | AJ33: Low Risk Flag
A34: M | B34: 55 | C34: 112.8 | D34: 1.74 | E34: 37.3 | F34: =IFERROR(C34/POWER(D34,2),"") -> 37.257233 | G34: =IFERROR(IF(ABS(E34 - F34) <= 0.1, 0, 1),"") -> 0 | H34: Obese | I34: 80.9 | J34: 106/87 | K34: 106 | L34: 87 | M34: 145 | N34: <150 | O34: 32 | P34: 150 | Q34: Y | R34: Y | S34: High | T34: Y | U34: =SUM(IF(Q34="Y",1,0),IF(R34="Y",1,0),IF(S34="Low",1,0),IF(T34="Y",1,0)) -> 3 | V34: 174 | W34: 0.465 | X34: Q2 | Y34: 106 | Z34: 87 | AA34: Hypertension Stage 1 | AB34: 83 | AC34: 2.59 | AD34: =IF(AND('CVD Dataset'!AA34="Normal",'CVD Dataset'!AB34>AVERAGE('CVD Dataset'!AB:AB),'CVD Dataset'!AF34="High"),"High Lipid Category","Normal Category") -> Normal Category | AE34: 17.66 | AF34: HIGH | AG34: 0 | AH34: High Risk Patients | AI34: =IF(AF34="HIGH",1,0) -> 1 | AJ34: High Risk Flag
A35: M | B35: 37 | C35: 108.4 | E35: 36.2 | F35: =IFERROR(C35/POWER(D35,2),"") | G35: =IFERROR(IF(ABS(E35 - F35) <= 0.1, 0, 1),"") | H35: Obese | I35: 80.1 | J35: 100/83 | K35: 100 | L35: 83 | N35: <150 | O35: 48 | P35: 145 | Q35: Y | R35: N | S35: Moderate | T35: N | U35: =SUM(IF(Q35="Y",1,0),IF(R35="Y",1,0),IF(S35="Low",1,0),IF(T35="Y",1,0)) -> 1 | V35: 173 | W35: 0.463 | X35: Q2 | Y35: 100 | Z35: 83 | AA35: Hypertension Stage 1 | AB35: 55 | AC35: 1.15 | AD35: =IF(AND('CVD Dataset'!AA35="Normal",'CVD Dataset'!AB35>AVERAGE('CVD Dataset'!AB:AB),'CVD Dataset'!AF35="High"),"High Lipid Category","Normal Category") -> Normal Category | AE35: 14.9 | AF35: INTERMEDIARY | AG35: 0 | AH35: Not High Risk Patients | AI35: =IF(AF35="HIGH",1,0) -> 0 | AJ35: Low Risk Flag
A36: M | B36: 32 | D36: 1.62 | E36: 24 | F36: =IFERROR(C36/POWER(D36,2),"") -> 0 | G36: =IFERROR(IF(ABS(E36 - F36) <= 0.1, 0, 1),"") -> 1 | H36: Normal Weight | I36: 105.5 | J36: 122/84 | K36: 122 | L36: 84 | M36: 155 | N36: 150-180 | O36: 74 | P36: 130 | Q36: N | R36: N | S36: Low | T36: N | U36: =SUM(IF(Q36="Y",1,0),IF(R36="Y",1,0),IF(S36="Low",1,0),IF(T36="Y",1,0)) -> 1 | V36: 162 | W36: 0.651 | X36: Q4 | Y36: 122 | Z36: 84 | AA36: Hypertension Stage 1 | AB36: 51 | AC36: 0.69 | AD36: =IF(AND('CVD Dataset'!AA36="Normal",'CVD Dataset'!AB36>AVERAGE('CVD Dataset'!AB:AB),'CVD Dataset'!AF36="High"),"High Lipid Category","Normal Category") -> Normal Category | AE36: 14 | AF36: LOW | AG36: 0 | AH36: Not High Risk Patients | AI36: =IF(AF36="HIGH",1,0) -> 0 | AJ36: Low Risk Flag
A37: M | B37: 45 | C37: 58.7 | D37: 1.73 | E37: 19.6 | F37: =IFERROR(C37/POWER(D37,2),"") -> 19.613084 | G37: =IFERROR(IF(ABS(E37 - F37) <= 0.1, 0, 1),"") -> 0 | H37: Normal Weight | J37: 136/80 | K37: 136 | L37: 80 | M37: 286 | N37: >180 | O37: 73 | P37: 141 | Q37: N | R37: Y | S37: High | T37: Y | U37: =SUM(IF(Q37="Y",1,0),IF(R37="Y",1,0),IF(S37="Low",1,0),IF(T37="Y",1,0)) -> 2 | V37: 173 | W37: 0.46 | X37: Q1 | Y37: 136 | AA37: Hypertension Stage 1 | AB37: 183 | AC37: 2.51 | AD37: =IF(AND('CVD Dataset'!AA37="Normal",'CVD Dataset'!AB37>AVERAGE('CVD Dataset'!AB:AB),'CVD Dataset'!AF37="High"),"High Lipid Category","Normal Category") -> Normal Category | AE37: 18.44 | AF37: INTERMEDIARY | AG37: 0 | AH37: Not High Risk Patients | AI37: =IF(AF37="HIGH",1,0) -> 0 | AJ37: Low Risk Flag
A38: F | B38: 32 | C38: 116.2 | E38: 36.7 | F38: =IFERROR(C38/POWER(D38,2),"") | G38: =IFERROR(IF(ABS(E38 - F38) <= 0.1, 0, 1),"") | H38: Obese | I38: 89.8 | J38: 99/99 | K38: 99 | L38: 99 | M38: 115 | N38: <150 | O38: 52 | P38: 147 | Q38: N | R38: Y | S38: Moderate | T38: Y | U38: =SUM(IF(Q38="Y",1,0),IF(R38="Y",1,0),IF(S38="Low",1,0),IF(T38="Y",1,0)) -> 2 | V38: 178 | W38: 0.504 | X38: Q2 | Y38: 99 | Z38: 99 | AA38: Hypertension Stage 2 | AB38: 33 | AC38: 0.63 | AD38: =IF(AND('CVD Dataset'!AA38="Normal",'CVD Dataset'!AB38>AVERAGE('CVD Dataset'!AB:AB),'CVD Dataset'!AF38="High"),"High Lipid Category","Normal Category") -> Normal Category | AE38: 16.59 | AF38: INTERMEDIARY | AG38: 0 | AH38: Not High Risk Patients | AI38: =IF(AF38="HIGH",1,0) -> 0 | AJ38: Low Risk Flag
A39: F | B39: 42 | C39: 100.4 | D39: 1.77 | E39: 32 | F39: =IFERROR(C39/POWER(D39,2),"") -> 32.046985 | G39: =IFERROR(IF(ABS(E39 - F39) <= 0.1, 0, 1),"") -> 0 | H39: Obese | I39: 82.5 | J39: 144/73 | K39: 144 | L39: 73 | M39: 164 | N39: 150-180 | O39: 75 | P39: 96 | Q39: N | R39: Y | S39: High | T39: Y | U39: =SUM(IF(Q39="Y",1,0),IF(R39="Y",1,0),IF(S39="Low",1,0),IF(T39="Y",1,0)) -> 2 | V39: 177 | W39: 0.466 | X39: Q2 | Y39: 144 | Z39: 73 | AA39: Hypertension Stage 2 | AB39: 59 | AC39: 0.79 | AD39: =IF(AND('CVD Dataset'!AA39="Normal",'CVD Dataset'!AB39>AVERAGE('CVD Dataset'!AB:AB),'CVD Dataset'!AF39="High"),"High Lipid Category","Normal Category") -> Normal Category | AE39: 18.88 | AF39: INTERMEDIARY | AG39: 0 | AH39: Not High Risk Patients | AI39: =IF(AF39="HIGH",1,0) -> 0 | AJ39: Low Risk Flag
A40: M | B40: 33 | C40: 81.6 | D40: 1.87 | E40: 23.3 | F40: =IFERROR(C40/POWER(D40,2),"") -> 23.334954 | G40: =IFERROR(IF(ABS(E40 - F40) <= 0.1, 0, 1),"") -> 0 | H40: Normal Weight | I40: 70 | J40: 130/75 | K40: 130 | L40: 75 | M40: 285 | N40: >180 | O40: 69 | Q40: N | R40: N | S40: Low | T40: N | U40: =SUM(IF(Q40="Y",1,0),IF(R40="Y",1,0),IF(S40="Low",1,0),IF(T40="Y",1,0)) -> 1 | V40: 187 | W40: 0.374 | X40: Q1 | Z40: 75 | AA40: Hypertension Stage 1 | AB40: 186 | AC40: 2.7 | AD40: =IF(AND('CVD Dataset'!AA40="Normal",'CVD Dataset'!AB40>AVERAGE('CVD Dataset'!AB:AB),'CVD Dataset'!AF40="High"),"High Lipid Category","Normal Category") -> Normal Category | AE40: 16.86 | AF40: INTERMEDIARY | AG40: 0 | AH40: Not High Risk Patients | AI40: =IF(AF40="HIGH",1,0) -> 0 | AJ40: Low Risk Flag
A41: M | B41: 46 | C41: 69.3 | D41: 1.63 | E41: 26.1 | F41: =IFERROR(C41/POWER(D41,2),"") -> 26.083029 | G41: =IFERROR(IF(ABS(E41 - F41) <= 0.1, 0, 1),"") -> 0 | H41: Overweight | I41: 102.6 | J41: 134/64 | K41: 134 | L41: 64 | M41: 111 | N41: <150 | O41: 74 | P41: 94 | Q41: N | R41: N | S41: Low | T41: N | U41: =SUM(IF(Q41="Y",1,0),IF(R41="Y",1,0),IF(S41="Low",1,0),IF(T41="Y",1,0)) -> 1 | V41: 163 | W41: 0.629 | X41: Q4 | Y41: 134 | Z41: 64 | AA41: Hypertension Stage 1 | AB41: 7 | AC41: 0.09 | AD41: =IF(AND('CVD Dataset'!AA41="Normal",'CVD Dataset'!AB41>AVERAGE('CVD Dataset'!AB:AB),'CVD Dataset'!AF41="High"),"High Lipid Category","Normal Category") -> Normal Category | AF41: INTERMEDIARY | AG41: 0 | AH41: Not High Risk Patients | AI41: =IF(AF41="HIGH",1,0) -> 0 | AJ41: Low Risk Flag
A42: F | C42: 109.2 | D42: 1.74 | E42: 36.1 | F42: =IFERROR(C42/POWER(D42,2),"") -> 36.068173 | G42: =IFERROR(IF(ABS(E42 - F42) <= 0.1, 0, 1),"") -> 0 | H42: Obese | I42: 80.1 | J42: 117/85 | K42: 117 | L42: 85 | M42: 155 | N42: 150-180 | O42: 65 | P42: 138 | Q42: Y | R42: N | S42: Low | T42: Y | U42: =SUM(IF(Q42="Y",1,0),IF(R42="Y",1,0),IF(S42="Low",1,0),IF(T42="Y",1,0)) -> 3 | V42: 174 | W42: 0.46 | X42: Q1 | Y42: 117 | Z42: 85 | AA42: Hypertension Stage 1 | AB42: 60 | AC42: 0.92 | AD42: =IF(AND('CVD Dataset'!AA42="Normal",'CVD Dataset'!AB42>AVERAGE('CVD Dataset'!AB:AB),'CVD Dataset'!AF42="High"),"High Lipid Category","Normal Category") -> Normal Category | AE42: 16.17 | AF42: HIGH | AG42: 1 | AH42: High Risk Patients | AI42: =IF(AF42="HIGH",1,0) -> 1 | AJ42: Low Risk Flag
A43: F | B43: 51 | C43: 102.1 | D43: 1.9 | E43: 28.3 | F43: =IFERROR(C43/POWER(D43,2),"") -> 28.282548 | G43: =IFERROR(IF(ABS(E43 - F43) <= 0.1, 0, 1),"") -> 0 | H43: Overweight | I43: 94.1 | J43: 116/61 | K43: 116 | L43: 61 | M43: 297 | N43: >180 | O43: 38 | P43: 98 | Q43: Y | R43: N | S43: High | T43: N | U43: =SUM(IF(Q43="Y",1,0),IF(R43="Y",1,0),IF(S43="Low",1,0),IF(T43="Y",1,0)) -> 1 | V43: 190 | Y43: 116 | Z43: 61 | AA43: Normal | AB43: 229 | AC43: 6.03 | AD43: =IF(AND('CVD Dataset'!AA43="Normal",'CVD Dataset'!AB43>AVERAGE('CVD Dataset'!AB:AB),'CVD Dataset'!AF43="High"),"High Lipid Category","Normal Category") -> High Lipid Category | AE43: 17.4 | AF43: HIGH | AG43: 0 | AH43: High Risk Patients | AI43: =IF(AF43="HIGH",1,0) -> 1 | AJ43: Low Risk Flag
A44: F | B44: 43 | C44: 71.4 | D44: 1.76 | E44: 23.1 | F44: =IFERROR(C44/POWER(D44,2),"") -> 23.050103 | G44: =IFERROR(IF(ABS(E44 - F44) <= 0.1, 0, 1),"") -> 0 | H44: Normal Weight | I44: 97.7 | J44: 105/64 | K44: 105 | L44: 64 | M44: 123 | N44: <150 | O44: 50 | P44: 125 | Q44: Y | R44: N | S44: High | T44: Y | U44: =SUM(IF(Q44="Y",1,0),IF(R44="Y",1,0),IF(S44="Low",1,0),IF(T44="Y",1,0)) -> 2 | V44: 176 | W44: 0.555 | X44: Q3 | Y44: 105 | Z44: 64 | AA44: Normal | AB44: 43 | AC44: 0.86 | AD44: =IF(AND('CVD Dataset'!AA44="Normal",'CVD Dataset'!AB44>AVERAGE('CVD Dataset'!AB:AB),'CVD Dataset'!AF44="High"),"High Lipid Category","Normal Category") -> Normal Category | AE44: 12.33 | AF44: INTERMEDIARY | AG44: 0 | AH44: Not High Risk Patients | AI44: =IF(AF44="HIGH",1,0) -> 0 | AJ44: Low Risk Flag
A45: F | B45: 44 | C45: 64.4 | D45: 1.76 | E45: 20.8 | F45: =IFERROR(C45/POWER(D45,2),"") -> 20.790289 | G45: =IFERROR(IF(ABS(E45 - F45) <= 0.1, 0, 1),"") -> 0 | H45: Normal Weight | I45: 100.6 | J45: 129/78 | K45: 129 | L45: 78 | M45: 132 | N45: <150 | O45: 49 | P45: 145 | Q45: Y | R45: Y | S45: Moderate | T45: N | U45: =SUM(IF(Q45="Y",1,0),IF(R45="Y",1,0),IF(S45="Low",1,0),IF(T45="Y",1,0)) -> 2 | V45: 176 | Y45: 129 | Z45: 78 | AA45: Elevated | AB45: 53 | AC45: 1.08 | AD45: =IF(AND('CVD Dataset'!AA45="Normal",'CVD Dataset'!AB45>AVERAGE('CVD Dataset'!AB:AB),'CVD Dataset'!AF45="High"),"High Lipid Category","Normal Category") -> Normal Category | AE45: 15.25 | AF45: INTERMEDIARY | AG45: 0 | AH45: Not High Risk Patients | AI45: =IF(AF45="HIGH",1,0) -> 0 | AJ45: Low Risk Flag
A46: F | D46: 1.81 | E46: 32.1 | F46: =IFERROR(C46/POWER(D46,2),"") -> 0 | G46: =IFERROR(IF(ABS(E46 - F46) <= 0.1, 0, 1),"") -> 1 | H46: Obese | I46: 75.7 | J46: 94/61 | K46: 94 | L46: 61 | M46: 144 | N46: <150 | O46: 69 | P46: 129 | Q46: N | R46: Y | S46: Moderate | T46: Y | U46: =SUM(IF(Q46="Y",1,0),IF(R46="Y",1,0),IF(S46="Low",1,0),IF(T46="Y",1,0)) -> 2 | V46: 181 | W46: 0.418 | X46: Q1 | Y46: 94 | Z46: 61 | AA46: Normal | AB46: 45 | AC46: 0.65 | AD46: =IF(AND('CVD Dataset'!AA46="Normal",'CVD Dataset'!AB46>AVERAGE('CVD Dataset'!AB:AB),'CVD Dataset'!AF46="High"),"High Lipid Category","Normal Category") -> Normal Category | AE46: 16 | AF46: INTERMEDIARY | AG46: 0 | AH46: Not High Risk Patients | AI46: =IF(AF46="HIGH",1,0) -> 0 | AJ46: Low Risk Flag
A47: F | B47: 31 | C47: 115.5 | D47: 1.64 | E47: 42.9 | F47: =IFERROR(C47/POWER(D47,2),"") -> 42.943189 | G47: =IFERROR(IF(ABS(E47 - F47) <= 0.1, 0, 1),"") -> 0 | H47: Obese | I47: 73.4 | J47: 129/75 | K47: 129 | L47: 75 | M47: 229 | N47: >180 | P47: 85 | Q47: N | R47: Y | S47: High | T47: Y | U47: =SUM(IF(Q47="Y",1,0),IF(R47="Y",1,0),IF(S47="Low",1,0),IF(T47="Y",1,0)) -> 2 | V47: 164 | W47: 0.448 | X47: Q1 | Y47: 129 | Z47: 75 | AA47: Elevated | AB47: 156 | AD47: =IF(AND('CVD Dataset'!AA47="Normal",'CVD Dataset'!AB47>AVERAGE('CVD Dataset'!AB:AB),'CVD Dataset'!AF47="High"),"High Lipid Category","Normal Category") -> Normal Category | AE47: 21.61 | AF47: HIGH | AG47: 0 | AH47: High Risk Patients | AI47: =IF(AF47="HIGH",1,0) -> 1 | AJ47: Low Risk Flag
A48: F | B48: 48 | C48: 81.8 | D48: 1.61 | E48: 31.6 | F48: =IFERROR(C48/POWER(D48,2),"") -> 31.557424 | G48: =IFERROR(IF(ABS(E48 - F48) <= 0.1, 0, 1),"") -> 0 | H48: Obese | I48: 88.5 | J48: 110/74 | K48: 110 | L48: 74 | M48: 111 | N48: <150 | O48: 31 | P48: 123 | Q48: N | R48: Y | S48: Moderate | T48: Y | U48: =SUM(IF(Q48="Y",1,0),IF(R48="Y",1,0),IF(S48="Low",1,0),IF(T48="Y",1,0)) -> 2 | V48: 161 | W48: 0.55 | X48: Q3 | Y48: 110 | Z48: 74 | AA48: Normal | AC48: 0 | AD48: =IF(AND('CVD Dataset'!AA48="Normal",'CVD Dataset'!AB48>AVERAGE('CVD Dataset'!AB:AB),'CVD Dataset'!AF48="High"),"High Lipid Category","Normal Category") -> Normal Category | AE48: 16.04 | AF48: HIGH | AG48: 0 | AH48: High Risk Patients | AI48: =IF(AF48="HIGH",1,0) -> 1 | AJ48: Low Risk Flag
A49: M | B49: 34 | D49: 1.71 | E49: 36.6 | F49: =IFERROR(C49/POWER(D49,2),"") -> 0 | G49: =IFERROR(IF(ABS(E49 - F49) <= 0.1, 0, 1),"") -> 1 | H49: Obese | I49: 79.7 | J49: 120/77 | K49: 120 | L49: 77 | M49: 250 | N49: >180 | O49: 60 | P49: 88 | Q49: N | R49: Y | S49: High | T49: Y | U49: =SUM(IF(Q49="Y",1,0),IF(R49="Y",1,0),IF(S49="Low",1,0),IF(T49="Y",1,0)) -> 2 | V49: 171 | W49: 0.466 | X49: Q2 | Y49: 120 | Z49: 77 | AA49: Elevated | AC49: 0 | AD49: =IF(AND('CVD Dataset'!AA49="Normal",'CVD Dataset'!AB49>AVERAGE('CVD Dataset'!AB:AB),'CVD Dataset'!AF49="High"),"High Lipid Category","Normal Category") -> Normal Category | AE49: 20.32 | AF49: HIGH | AG49: 1 | AH49: High Risk Patients | AI49: =IF(AF49="HIGH",1,0) -> 1 | AJ49: Low Risk Flag
A50: M | B50: 41 | C50: 114.7 | D50: 1.8 | E50: 35.4 | F50: =IFERROR(C50/POWER(D50,2),"") -> 35.401235 | G50: =IFERROR(IF(ABS(E50 - F50) <= 0.1, 0, 1),"") -> 0 | H50: Obese | I50: 75.1 | J50: 145/84 | K50: 145 | L50: 84 | M50: 119 | N50: <150 | O50: 74 | P50: 133 | Q50: Y | R50: Y | S50: High | T50: N | U50: =SUM(IF(Q50="Y",1,0),IF(R50="Y",1,0),IF(S50="Low",1,0),IF(T50="Y",1,0)) -> 2 | V50: 180 | W50: 0.417 | X50: Q1 | Y50: 145 | Z50: 84 | AA50: Hypertension Stage 1 | AB50: 15 | AC50: 0.2 | AD50: =IF(AND('CVD Dataset'!AA50="Normal",'CVD Dataset'!AB50>AVERAGE('CVD Dataset'!AB:AB),'CVD Dataset'!AF50="High"),"High Lipid Category","Normal Category") -> Normal Category | AE50: 18.71 | AF50: INTERMEDIARY | AG50: 0 | AH50: Not High Risk Patients | AI50: =IF(AF50="HIGH",1,0) -> 0 | AJ50: Low Risk Flag
A51: M | B51: 56 | C51: 61 | D51: 1.82 | E51: 18.4 | F51: =IFERROR(C51/POWER(D51,2),"") -> 18.41565 | G51: =IFERROR(IF(ABS(E51 - F51) <= 0.1, 0, 1),"") -> 0 | H51: Underweight | J51: 97/73 | K51: 97 | L51: 73 | M51: 260 | N51: >180 | O51: 79 | P51: 78 | Q51: N | R51: N | S51: Moderate | T51: N | U51: =SUM(IF(Q51="Y",1,0),IF(R51="Y",1,0),IF(S51="Low",1,0),IF(T51="Y",1,0)) -> 0 | V51: 182 | W51: 0.481 | X51: Q2 | Y51: 97 | Z51: 73 | AA51: Normal | AC51: 0 | AD51: =IF(AND('CVD Dataset'!AA51="Normal",'CVD Dataset'!AB51>AVERAGE('CVD Dataset'!AB:AB),'CVD Dataset'!AF51="High"),"High Lipid Category","Normal Category") -> Normal Category | AE51: 13.73 | AF51: INTERMEDIARY | AG51: 0 | AH51: Not High Risk Patients | AI51: =IF(AF51="HIGH",1,0) -> 0 | AJ51: Low Risk Flag
A52: M | B52: 55 | C52: 110.3 | D52: 1.61 | E52: 42.6 | F52: =IFERROR(C52/POWER(D52,2),"") -> 42.552371 | G52: =IFERROR(IF(ABS(E52 - F52) <= 0.1, 0, 1),"") -> 0 | H52: Obese | I52: 74.5 | J52: 135/96 | K52: 135 | L52: 96 | M52: 101 | N52: <150 | O52: 43 | P52: 117 | Q52: N | R52: N | S52: High | T52: N | U52: =SUM(IF(Q52="Y",1,0),IF(R52="Y",1,0),IF(S52="Low",1,0),IF(T52="Y",1,0)) -> 0 | V52: 161 | W52: 0.463 | X52: Q2 | Y52: 135 | AA52: Hypertension Stage 1 | AB52: 28 | AC52: 0.65 | AD52: =IF(AND('CVD Dataset'!AA52="Normal",'CVD Dataset'!AB52>AVERAGE('CVD Dataset'!AB:AB),'CVD Dataset'!AF52="High"),"High Lipid Category","Normal Category") -> Normal Category | AF52: INTERMEDIARY | AG52: 0 | AH52: Not High Risk Patients | AI52: =IF(AF52="HIGH",1,0) -> 0 | AJ52: Low Risk Flag
A53: F | C53: 75.2 | D53: 1.7 | E53: 26 | F53: =IFERROR(C53/POWER(D53,2),"") -> 26.020761 | G53: =IFERROR(IF(ABS(E53 - F53) <= 0.1, 0, 1),"") -> 0 | H53: Overweight | I53: 93.2 | J53: 135/75 | K53: 135 | L53: 75 | M53: 144 | N53: <150 | O53: 49 | P53: 103 | Q53: Y | R53: N | S53: Moderate | T53: N | U53: =SUM(IF(Q53="Y",1,0),IF(R53="Y",1,0),IF(S53="Low",1,0),IF(T53="Y",1,0)) -> 1 | V53: 170 | W53: 0.548 | X53: Q3 | Y53: 135 | Z53: 75 | AA53: Hypertension Stage 1 | AB53: 65 | AC53: 1.33 | AD53: =IF(AND('CVD Dataset'!AA53="Normal",'CVD Dataset'!AB53>AVERAGE('CVD Dataset'!AB:AB),'CVD Dataset'!AF53="High"),"High Lipid Category","Normal Category") -> Normal Category | AE53: 14.83 | AF53: INTERMEDIARY | AG53: 0 | AH53: Not High Risk Patients | AI53: =IF(AF53="HIGH",1,0) -> 0 | AJ53: Low Risk Flag
A54: M | B54: 59 | C54: 96.3 | D54: 1.75 | E54: 31.4 | F54: =IFERROR(C54/POWER(D54,2),"") -> 31.444898 | G54: =IFERROR(IF(ABS(E54 - F54) <= 0.1, 0, 1),"") -> 0 | H54: Obese | I54: 90 | J54: 102/71 | K54: 102 | L54: 71 | M54: 115 | N54: <150 | O54: 73 | Q54: N | R54: Y | S54: High | T54: N | U54: =SUM(IF(Q54="Y",1,0),IF(R54="Y",1,0),IF(S54="Low",1,0),IF(T54="Y",1,0)) -> 1 | V54: 175 | W54: 0.514 | X54: Q2 | Y54: 102 | AA54: Normal | AB54: 12 | AC54: 0.16 | AD54: =IF(AND('CVD Dataset'!AA54="Normal",'CVD Dataset'!AB54>AVERAGE('CVD Dataset'!AB:AB),'CVD Dataset'!AF54="High"),"High Lipid Category","Normal Category") -> Normal Category | AE54: 15.68 | AF54: INTERMEDIARY | AG54: 0 | AH54: Not High Risk Patients | AI54: =IF(AF54="HIGH",1,0) -> 0 | AJ54: Low Risk Flag
A55: F | B55: 50 | C55: 67.9 | D55: 1.83 | E55: 20.3 | F55: =IFERROR(C55/POWER(D55,2),"") -> 20.275314 | G55: =IFERROR(IF(ABS(E55 - F55) <= 0.1, 0, 1),"") -> 0 | H55: Normal Weight | I55: 108.2 | J55: 148/92 | K55: 148 | L55: 92 | M55: 128 | N55: <150 | O55: 32 | P55: 87 | Q55: Y | R55: Y | S55: High | T55: Y | U55: =SUM(IF(Q55="Y",1,0),IF(R55="Y",1,0),IF(S55="Low",1,0),IF(T55="Y",1,0)) -> 3 | V55: 183 | W55: 0.591 | X55: Q4 | Y55: 148 | Z55: 92 | AA55: Hypertension Stage 2 | AB55: 66 | AC55: 2.06 | AD55: =IF(AND('CVD Dataset'!AA55="Normal",'CVD Dataset'!AB55>AVERAGE('CVD Dataset'!AB:AB),'CVD Dataset'!AF55="High"),"High Lipid Category","Normal Category") -> Normal Category | AE55: 16.02 | AF55: HIGH | AG55: 0 | AH55: High Risk Patients | AI55: =IF(AF55="HIGH",1,0) -> 1 | AJ55: Low Risk Flag
A56: F | B56: 52 | C56: 98.9 | D56: 1.61 | E56: 38.2 | F56: =IFERROR(C56/POWER(D56,2),"") -> 38.154392 | G56: =IFERROR(IF(ABS(E56 - F56) <= 0.1, 0, 1),"") -> 0 | H56: Obese | I56: 79.9 | J56: 139/66 | K56: 139 | L56: 66 | M56: 175 | N56: 150-180 | O56: 32 | P56: 145 | Q56: Y | R56: Y | S56: Moderate | T56: N | U56: =SUM(IF(Q56="Y",1,0),IF(R56="Y",1,0),IF(S56="Low",1,0),IF(T56="Y",1,0)) -> 2 | V56: 161 | W56: 0.496 | X56: Q2 | Y56: 139 | Z56: 66 | AA56: Hypertension Stage 1 | AB56: 113 | AC56: 3.53 | AD56: =IF(AND('CVD Dataset'!AA56="Normal",'CVD Dataset'!AB56>AVERAGE('CVD Dataset'!AB:AB),'CVD Dataset'!AF56="High"),"High Lipid Category","Normal Category") -> Normal Category | AE56: 20.09 | AF56: HIGH | AG56: 0 | AH56: High Risk Patients | AI56: =IF(AF56="HIGH",1,0) -> 1 | AJ56: High Risk Flag
A57: M | B57: 43 | C57: 65.8 | D57: 1.76 | E57: 21.2 | F57: =IFERROR(C57/POWER(D57,2),"") -> 21.242252 | G57: =IFERROR(IF(ABS(E57 - F57) <= 0.1, 0, 1),"") -> 0 | H57: Normal Weight | I57: 101.1 | J57: 94/81 | K57: 94 | L57: 81 | M57: 243 | N57: >180 | O57: 66 | P57: 70 | Q57: N | R57: Y | S57: Moderate | T57: Y | U57: =SUM(IF(Q57="Y",1,0),IF(R57="Y",1,0),IF(S57="Low",1,0),IF(T57="Y",1,0)) -> 2 | V57: 176 | W57: 0.574 | X57: Q3 | Y57: 94 | Z57: 81 | AA57: Hypertension Stage 1 | AB57: 147 | AC57: 2.23 | AD57: =IF(AND('CVD Dataset'!AA57="Normal",'CVD Dataset'!AB57>AVERAGE('CVD Dataset'!AB:AB),'CVD Dataset'!AF57="High"),"High Lipid Category","Normal Category") -> Normal Category | AE57: 15.8 | AF57: INTERMEDIARY | AG57: 0 | AH57: Not High Risk Patients | AI57: =IF(AF57="HIGH",1,0) -> 0 | AJ57: Low Risk Flag
A58: F | B58: 37 | C58: 74.6 | D58: 1.74 | E58: 24.6 | F58: =IFERROR(C58/POWER(D58,2),"") -> 24.639979 | G58: =IFERROR(IF(ABS(E58 - F58) <= 0.1, 0, 1),"") -> 0 | H58: Normal Weight | I58: 107.8 | J58: 104/60 | K58: 104 | L58: 60 | M58: 124 | N58: <150 | O58: 48 | P58: 98 | Q58: Y | R58: Y | S58: High | T58: N | U58: =SUM(IF(Q58="Y",1,0),IF(R58="Y",1,0),IF(S58="Low",1,0),IF(T58="Y",1,0)) -> 2 | V58: 174 | W58: 0.62 | X58: Q4 | Y58: 104 | Z58: 60 | AA58: Normal | AB58: 46 | AC58: 0.96 | AD58: =IF(AND('CVD Dataset'!AA58="Normal",'CVD Dataset'!AB58>AVERAGE('CVD Dataset'!AB:AB),'CVD Dataset'!AF58="High"),"High Lipid Category","Normal Category") -> Normal Category | AE58: 14.6 | AF58: INTERMEDIARY | AG58: 0 | AH58: Not High Risk Patients | AI58: =IF(AF58="HIGH",1,0) -> 0 | AJ58: Low Risk Flag
A59: F | B59: 51 | C59: 100.5 | D59: 1.82 | E59: 30.3 | F59: =IFERROR(C59/POWER(D59,2),"") -> 30.340539 | G59: =IFERROR(IF(ABS(E59 - F59) <= 0.1, 0, 1),"") -> 0 | H59: Obese | I59: 106.4 | J59: 129/71 | K59: 129 | L59: 71 | M59: 257 | N59: >180 | O59: 76 | P59: 89 | Q59: Y | R59: N | S59: Moderate | T59: N | U59: =SUM(IF(Q59="Y",1,0),IF(R59="Y",1,0),IF(S59="Low",1,0),IF(T59="Y",1,0)) -> 1 | V59: 182 | W59: 0.585 | X59: Q4 | Y59: 129 | Z59: 71 | AA59: Elevated | AB59: 151 | AC59: 1.99 | AD59: =IF(AND('CVD Dataset'!AA59="Normal",'CVD Dataset'!AB59>AVERAGE('CVD Dataset'!AB:AB),'CVD Dataset'!AF59="High"),"High Lipid Category","Normal Category") -> Normal Category | AE59: 17.65 | AF59: HIGH | AG59: 1 | AH59: High Risk Patients | AI59: =IF(AF59="HIGH",1,0) -> 1 | AJ59: Low Risk Flag
A60: F | B60: 44 | C60: 101.5 | D60: 1.69 | E60: 35.5 | F60: =IFERROR(C60/POWER(D60,2),"") -> 35.537971 | G60: =IFERROR(IF(ABS(E60 - F60) <= 0.1, 0, 1),"") -> 0 | H60: Obese | I60: 91.5 | J60: 98/73 | K60: 98 | L60: 73 | M60: 103 | N60: <150 | O60: 74 | P60: 93 | Q60: N | R60: N | S60: Moderate | T60: N | U60: =SUM(IF(Q60="Y",1,0),IF(R60="Y",1,0),IF(S60="Low",1,0),IF(T60="Y",1,0)) -> 0 | V60: 169 | W60: 0.541 | X60: Q3 | Y60: 98 | Z60: 73 | AA60: Normal | AB60: -1 | AC60: -0.01 | AD60: =IF(AND('CVD Dataset'!AA60="Normal",'CVD Dataset'!AB60>AVERAGE('CVD Dataset'!AB:AB),'CVD Dataset'!AF60="High"),"High Lipid Category","Normal Category") -> Normal Category | AE60: 14.06 | AF60: LOW | AG60: 0 | AH60: Not High Risk Patients | AI60: =IF(AF60="HIGH",1,0) -> 0 | AJ60: Low Risk Flag
A61: F | B61: 46 | C61: 65.7 | D61: 1.77 | E61: 21 | F61: =IFERROR(C61/POWER(D61,2),"") -> 20.970985 | G61: =IFERROR(IF(ABS(E61 - F61) <= 0.1, 0, 1),"") -> 0 | H61: Normal Weight | I61: 77.1 | J61: 129/78 | K61: 129 | L61: 78 | M61: 232 | N61: >180 | O61: 59 | P61: 113 | Q61: N | R61: Y | S61: High | T61: N | U61: =SUM(IF(Q61="Y",1,0),IF(R61="Y",1,0),IF(S61="Low",1,0),IF(T61="Y",1,0)) -> 1 | V61: 177 | W61: 0.436 | X61: Q1 | Y61: 129 | Z61: 78 | AA61: Elevated | AB61: 143 | AC61: 2.42 | AD61: =IF(AND('CVD Dataset'!AA61="Normal",'CVD Dataset'!AB61>AVERAGE('CVD Dataset'!AB:AB),'CVD Dataset'!AF61="High"),"High Lipid Category","Normal Category") -> Normal Category | AE61: 17.29 | AF61: INTERMEDIARY | AG61: 0 | AH61: Not High Risk Patients | AI61: =IF(AF61="HIGH",1,0) -> 0 | AJ61: Low Risk Flag
A62: F | B62: 53 | C62: 103.9 | D62: 1.77 | E62: 33.2 | F62: =IFERROR(C62/POWER(D62,2),"") -> 33.164161 | G62: =IFERROR(IF(ABS(E62 - F62) <= 0.1, 0, 1),"") -> 0 | H62: Obese | I62: 71.6 | J62: 149/84 | K62: 149 | L62: 84 | M62: 247 | N62: >180 | O62: 50 | P62: 130 | Q62: N | R62: Y | S62: Moderate | T62: N | U62: =SUM(IF(Q62="Y",1,0),IF(R62="Y",1,0),IF(S62="Low",1,0),IF(T62="Y",1,0)) -> 1 | V62: 177 | W62: 0.405 | X62: Q1 | Y62: 149 | Z62: 84 | AA62: Hypertension Stage 1 | AB62: 167 | AC62: 3.34 | AD62: =IF(AND('CVD Dataset'!AA62="Normal",'CVD Dataset'!AB62>AVERAGE('CVD Dataset'!AB:AB),'CVD Dataset'!AF62="High"),"High Lipid Category","Normal Category") -> Normal Category | AE62: 21.03 | AF62: HIGH | AG62: 0 | AH62: High Risk Patients | AI62: =IF(AF62="HIGH",1,0) -> 1 | AJ62: High Risk Flag
A63: F | B63: 56 | C63: 112.1 | D63: 1.78 | E63: 35.4 | F63: =IFERROR(C63/POWER(D63,2),"") -> 35.380634 | G63: =IFERROR(IF(ABS(E63 - F63) <= 0.1, 0, 1),"") -> 0 | H63: Obese | I63: 87.4 | J63: 103/98 | K63: 103 | L63: 98 | N63: <150 | O63: 67 | P63: 89 | Q63: N | R63: Y | S63: Moderate | T63: Y | U63: =SUM(IF(Q63="Y",1,0),IF(R63="Y",1,0),IF(S63="Low",1,0),IF(T63="Y",1,0)) -> 2 | V63: 178 | W63: 0.491 | X63: Q2 | Y63: 103 | Z63: 98 | AA63: Hypertension Stage 2 | AB63: 50 | AC63: 0.75 | AD63: =IF(AND('CVD Dataset'!AA63="Normal",'CVD Dataset'!AB63>AVERAGE('CVD Dataset'!AB:AB),'CVD Dataset'!AF63="High"),"High Lipid Category","Normal Category") -> Normal Category | AE63: 17.17 | AF63: HIGH | AG63: 1 | AH63: High Risk Patients | AI63: =IF(AF63="HIGH",1,0) -> 1 | AJ63: High Risk Flag
A64: M | B64: 43 | C64: 118 | D64: 1.64 | E64: 43.9 | F64: =IFERROR(C64/POWER(D64,2),"") -> 43.872695 | G64: =IFERROR(IF(ABS(E64 - F64) <= 0.1, 0, 1),"") -> 0 | H64: Obese | I64: 73.6 | J64: 99/92 | K64: 99 | L64: 92 | M64: 199 | N64: >180 | O64: 51 | P64: 129 | Q64: N | R64: N | S64: Moderate | T64: Y | U64: =SUM(IF(Q64="Y",1,0),IF(R64="Y",1,0),IF(S64="Low",1,0),IF(T64="Y",1,0)) -> 1 | V64: 164 | W64: 0.449 | X64: Q1 | Y64: 99 | Z64: 92 | AA64: Hypertension Stage 2 | AB64: 118 | AC64: 2.31 | AD64: =IF(AND('CVD Dataset'!AA64="Normal",'CVD Dataset'!AB64>AVERAGE('CVD Dataset'!AB:AB),'CVD Dataset'!AF64="High"),"High Lipid Category","Normal Category") -> Normal Category | AE64: 17.71 | AF64: INTERMEDIARY | AG64: 0 | AH64: Not High Risk Patients | AI64: =IF(AF64="HIGH",1,0) -> 0 | AJ64: Low Risk Flag
A65: M | B65: 40 | C65: 107.4 | D65: 1.6 | E65: 42 | F65: =IFERROR(C65/POWER(D65,2),"") -> 41.953125 | G65: =IFERROR(IF(ABS(E65 - F65) <= 0.1, 0, 1),"") -> 0 | H65: Obese | J65: 114/91 | K65: 114 | L65: 91 | N65: <150 | O65: 52 | P65: 89 | Q65: Y | R65: N | S65: Moderate | T65: N | U65: =SUM(IF(Q65="Y",1,0),IF(R65="Y",1,0),IF(S65="Low",1,0),IF(T65="Y",1,0)) -> 1 | V65: 160 | W65: 0.579 | X65: Q3 | Y65: 114 | Z65: 91 | AA65: Hypertension Stage 2 | AB65: 89 | AC65: 1.71 | AD65: =IF(AND('CVD Dataset'!AA65="Normal",'CVD Dataset'!AB65>AVERAGE('CVD Dataset'!AB:AB),'CVD Dataset'!AF65="High"),"High Lipid Category","Normal Category") -> Normal Category | AE65: 17.52 | AF65: INTERMEDIARY | AG65: 0 | AH65: Not High Risk Patients | AI65: =IF(AF65="HIGH",1,0) -> 0 | AJ65: Low Risk Flag
A66: F | B66: 51 | C66: 60.6 | D66: 1.88 | E66: 17.1 | F66: =IFERROR(C66/POWER(D66,2),"") -> 17.145767 | G66: =IFERROR(IF(ABS(E66 - F66) <= 0.1, 0, 1),"") -> 0 | H66: Underweight | I66: 75.7 | J66: 116/64 | K66: 116 | L66: 64 | M66: 146 | N66: <150 | O66: 50 | P66: 99 | Q66: N | R66: Y | S66: Low | T66: Y | U66: =SUM(IF(Q66="Y",1,0),IF(R66="Y",1,0),IF(S66="Low",1,0),IF(T66="Y",1,0)) -> 3 | V66: 188 | W66: 0.403 | X66: Q1 | Y66: 116 | Z66: 64 | AA66: Normal | AB66: 66 | AC66: 1.32 | AD66: =IF(AND('CVD Dataset'!AA66="Normal",'CVD Dataset'!AB66>AVERAGE('CVD Dataset'!AB:AB),'CVD Dataset'!AF66="High"),"High Lipid Category","Normal Category") -> Normal Category | AE66: 14.14 | AF66: HIGH | AG66: 0 | AH66: High Risk Patients | AI66: =IF(AF66="HIGH",1,0) -> 1 | AJ66: Low Risk Flag
A67: F | B67: 52 | C67: 54.7 | D67: 1.61 | E67: 21.1 | F67: =IFERROR(C67/POWER(D67,2),"") -> 21.102581 | G67: =IFERROR(IF(ABS(E67 - F67) <= 0.1, 0, 1),"") -> 0 | H67: Normal Weight | I67: 78.1 | J67: 93/65 | K67: 93 | L67: 65 | M67: 193 | N67: >180 | O67: 79 | P67: 127 | Q67: N | R67: Y | S67: High | T67: Y | U67: =SUM(IF(Q67="Y",1,0),IF(R67="Y",1,0),IF(S67="Low",1,0),IF(T67="Y",1,0)) -> 2 | V67: 161 | W67: 0.485 | X67: Q2 | Y67: 93 | Z67: 65 | AA67: Normal | AB67: 84 | AC67: 1.06 | AD67: =IF(AND('CVD Dataset'!AA67="Normal",'CVD Dataset'!AB67>AVERAGE('CVD Dataset'!AB:AB),'CVD Dataset'!AF67="High"),"High Lipid Category","Normal Category") -> Normal Category | AE67: 14.73 | AF67: INTERMEDIARY | AG67: 0 | AH67: Not High Risk Patients | AI67: =IF(AF67="HIGH",1,0) -> 0 | AJ67: Low Risk Flag
A68: F | B68: 55 | C68: 117.2 | D68: 1.72 | E68: 39.6 | F68: =IFERROR(C68/POWER(D68,2),"") -> 39.616009 | G68: =IFERROR(IF(ABS(E68 - F68) <= 0.1, 0, 1),"") -> 0 | H68: Obese | I68: 74.2 | J68: 113/63 | K68: 113 | L68: 63 | M68: 164 | N68: 150-180 | O68: 57 | P68: 150 | Q68: N | R68: N | S68: Low | T68: N | U68: =SUM(IF(Q68="Y",1,0),IF(R68="Y",1,0),IF(S68="Low",1,0),IF(T68="Y",1,0)) -> 1 | V68: 172 | W68: 0.431 | X68: Q1 | Y68: 113 | Z68: 63 | AA68: Normal | AB68: 77 | AC68: 1.35 | AD68: =IF(AND('CVD Dataset'!AA68="Normal",'CVD Dataset'!AB68>AVERAGE('CVD Dataset'!AB:AB),'CVD Dataset'!AF68="High"),"High Lipid Category","Normal Category") -> Normal Category | AE68: 16.85 | AF68: INTERMEDIARY | AG68: 0 | AH68: Not High Risk Patients | AI68: =IF(AF68="HIGH",1,0) -> 0 | AJ68: Low Risk Flag
A69: F | B69: 48 | C69: 56.7 | D69: 1.63 | E69: 21.3 | F69: =IFERROR(C69/POWER(D69,2),"") -> 21.34066 | G69: =IFERROR(IF(ABS(E69 - F69) <= 0.1, 0, 1),"") -> 0 | H69: Normal Weight | I69: 80.3 | J69: 142/66 | K69: 142 | L69: 66 | M69: 141 | N69: <150 | O69: 62 | P69: 96 | Q69: N | R69: N | S69: Moderate | T69: N | U69: =SUM(IF(Q69="Y",1,0),IF(R69="Y",1,0),IF(S69="Low",1,0),IF(T69="Y",1,0)) -> 0 | V69: 163 | Z69: 66 | AA69: Hypertension Stage 2 | AB69: 49 | AC69: 0.79 | AD69: =IF(AND('CVD Dataset'!AA69="Normal",'CVD Dataset'!AB69>AVERAGE('CVD Dataset'!AB:AB),'CVD Dataset'!AF69="High"),"High Lipid Category","Normal Category") -> Normal Category | AE69: 14.18 | AF69: LOW | AG69: 0 | AH69: Not High Risk Patients | AI69: =IF(AF69="HIGH",1,0) -> 0 | AJ69: Low Risk Flag
A70: M | B70: 58 | C70: 77 | E70: 21.8 | F70: =IFERROR(C70/POWER(D70,2),"") | G70: =IFERROR(IF(ABS(E70 - F70) <= 0.1, 0, 1),"") | H70: Normal Weight | I70: 97.3 | J70: 142/69 | K70: 142 | L70: 69 | M70: 125 | N70: <150 | O70: 80 | P70: 96 | Q70: N | R70: N | S70: Moderate | T70: Y | U70: =SUM(IF(Q70="Y",1,0),IF(R70="Y",1,0),IF(S70="Low",1,0),IF(T70="Y",1,0)) -> 1 | V70: 188 | W70: 0.518 | X70: Q2 | Y70: 142 | Z70: 69 | AA70: Hypertension Stage 2 | AB70: 15 | AC70: 0.19 | AD70: =IF(AND('CVD Dataset'!AA70="Normal",'CVD Dataset'!AB70>AVERAGE('CVD Dataset'!AB:AB),'CVD Dataset'!AF70="High"),"High Lipid Category","Normal Category") -> Normal Category | AE70: 13.96 | AF70: INTERMEDIARY | AG70: 0 | AH70: Not High Risk Patients | AI70: =IF(AF70="HIGH",1,0) -> 0 | AJ70: Low Risk Flag
A71: F | B71: 37 | C71: 116.8 | D71: 1.77 | E71: 37.3 | F71: =IFERROR(C71/POWER(D71,2),"") -> 37.281752 | G71: =IFERROR(IF(ABS(E71 - F71) <= 0.1, 0, 1),"") -> 0 | H71: Obese | I71: 92.9 | J71: 140/68 | K71: 140 | L71: 68 | M71: 244 | N71: >180 | O71: 76 | P71: 96 | Q71: N | R71: Y | S71: High | T71: N | U71: =SUM(IF(Q71="Y",1,0),IF(R71="Y",1,0),IF(S71="Low",1,0),IF(T71="Y",1,0)) -> 1 | V71: 177 | W71: 0.525 | X71: Q3 | Y71: 140 | Z71: 68 | AA71: Hypertension Stage 2 | AB71: 138 | AC71: 1.82 | AD71: =IF(AND('CVD Dataset'!AA71="Normal",'CVD Dataset'!AB71>AVERAGE('CVD Dataset'!AB:AB),'CVD Dataset'!AF71="High"),"High Lipid Category","Normal Category") -> Normal Category | AE71: 21.34 | AF71: INTERMEDIARY | AG71: 0 | AH71: Not High Risk Patients | AI71: =IF(AF71="HIGH",1,0) -> 0 | AJ71: Low Risk Flag
A72: M | B72: 55 | C72: 51.4 | F72: =IFERROR(C72/POWER(D72,2),"") | G72: =IFERROR(IF(ABS(E72 - F72) <= 0.1, 0, 1),"") | H72: Underweight | I72: 79.8 | J72: 102/79 | K72: 102 | L72: 79 | M72: 170 | N72: 150-180 | O72: 36 | P72: 138 | Q72: N | R72: N | S72: High | T72: N | U72: =SUM(IF(Q72="Y",1,0),IF(R72="Y",1,0),IF(S72="Low",1,0),IF(T72="Y",1,0)) -> 0 | V72: 168 | W72: 0.475 | X72: Q2 | Y72: 102 | Z72: 79 | AA72: Normal | AB72: 104 | AC72: 2.89 | AD72: =IF(AND('CVD Dataset'!AA72="Normal",'CVD Dataset'!AB72>AVERAGE('CVD Dataset'!AB:AB),'CVD Dataset'!AF72="High"),"High Lipid Category","Normal Category") -> Normal Category | AE72: 12.14 | AF72: INTERMEDIARY | AG72: 0 | AH72: Not High Risk Patients | AI72: =IF(AF72="HIGH",1,0) -> 0 | AJ72: Low Risk Flag
A73: M | B73: 51 | C73: 107.6 | D73: 1.66 | E73: 39 | F73: =IFERROR(C73/POWER(D73,2),"") -> 39.047757 | G73: =IFERROR(IF(ABS(E73 - F73) <= 0.1, 0, 1),"") -> 0 | H73: Obese | I73: 100.8 | J73: 96/65 | K73: 96 | L73: 65 | M73: 135 | N73: <150 | O73: 57 | P73: 129 | Q73: N | R73: N | S73: High | T73: N | U73: =SUM(IF(Q73="Y",1,0),IF(R73="Y",1,0),IF(S73="Low",1,0),IF(T73="Y",1,0)) -> 0 | V73: 166 | W73: 0.607 | X73: Q4 | Y73: 96 | Z73: 65 | AA73: Normal | AB73: 48 | AC73: 0.84 | AD73: =IF(AND('CVD Dataset'!AA73="Normal",'CVD Dataset'!AB73>AVERAGE('CVD Dataset'!AB:AB),'CVD Dataset'!AF73="High"),"High Lipid Category","Normal Category") -> Normal Category | AE73: 15.3 | AF73: INTERMEDIARY | AG73: 0 | AH73: Not High Risk Patients | AI73: =IF(AF73="HIGH",1,0) -> 0 | AJ73: Low Risk Flag
A74: F | B74: 57 | C74: 82.5 | D74: 1.76 | E74: 26.6 | F74: =IFERROR(C74/POWER(D74,2),"") -> 26.633523 | G74: =IFERROR(IF(ABS(E74 - F74) <= 0.1, 0, 1),"") -> 0 | H74: Overweight | I74: 92.8 | J74: 101/81 | K74: 101 | L74: 81 | M74: 300 | N74: >180 | O74: 38 | P74: 98 | Q74: N | R74: Y | S74: High | T74: N | U74: =SUM(IF(Q74="Y",1,0),IF(R74="Y",1,0),IF(S74="Low",1,0),IF(T74="Y",1,0)) -> 1 | V74: 176 | W74: 0.527 | X74: Q3 | Y74: 101 | Z74: 81 | AA74: Hypertension Stage 1 | AB74: 232 | AC74: 6.11 | AD74: =IF(AND('CVD Dataset'!AA74="Normal",'CVD Dataset'!AB74>AVERAGE('CVD Dataset'!AB:AB),'CVD Dataset'!AF74="High"),"High Lipid Category","Normal Category") -> Normal Category | AE74: 18.37 | AF74: HIGH | AG74: 0 | AH74: High Risk Patients | AI74: =IF(AF74="HIGH",1,0) -> 1 | AJ74: High Risk Flag
A75: M | B75: 44 | C75: 114.3 | D75: 1.72 | E75: 38.6 | F75: =IFERROR(C75/POWER(D75,2),"") -> 38.635749 | G75: =IFERROR(IF(ABS(E75 - F75) <= 0.1, 0, 1),"") -> 0 | H75: Obese | I75: 100 | J75: 112/83 | K75: 112 | L75: 83 | M75: 228 | N75: >180 | O75: 77 | P75: 91 | Q75: Y | R75: Y | S75: High | T75: N | U75: =SUM(IF(Q75="Y",1,0),IF(R75="Y",1,0),IF(S75="Low",1,0),IF(T75="Y",1,0)) -> 2 | V75: 172 | W75: 0.581 | X75: Q3 | Y75: 112 | Z75: 83 | AA75: Hypertension Stage 1 | AB75: 121 | AC75: 1.57 | AD75: =IF(AND('CVD Dataset'!AA75="Normal",'CVD Dataset'!AB75>AVERAGE('CVD Dataset'!AB:AB),'CVD Dataset'!AF75="High"),"High Lipid Category","Normal Category") -> Normal Category | AE75: 19.88 | AF75: HIGH | AG75: 1 | AH75: High Risk Patients | AI75: =IF(AF75="HIGH",1,0) -> 1 | AJ75: Low Risk Flag
A76: M | B76: 38 | C76: 63.3 | D76: 1.7 | E76: 21.9 | F76: =IFERROR(C76/POWER(D76,2),"") -> 21.903114 | G76: =IFERROR(IF(ABS(E76 - F76) <= 0.1, 0, 1),"") -> 0 | H76: Normal Weight | I76: 93.8 | J76: 93/67 | K76: 93 | L76: 67 | N76: <150 | O76: 76 | P76: 73 | Q76: N | R76: Y | S76: High | T76: N | U76: =SUM(IF(Q76="Y",1,0),IF(R76="Y",1,0),IF(S76="Low",1,0),IF(T76="Y",1,0)) -> 1 | V76: 170 | W76: 0.552 | X76: Q3 | Y76: 93 | Z76: 67 | AA76: Normal | AB76: 182 | AC76: 2.39 | AD76: =IF(AND('CVD Dataset'!AA76="Normal",'CVD Dataset'!AB76>AVERAGE('CVD Dataset'!AB:AB),'CVD Dataset'!AF76="High"),"High Lipid Category","Normal Category") -> Normal Category | AE76: 16.79 | AF76: INTERMEDIARY | AG76: 0 | AH76: Not High Risk Patients | AI76: =IF(AF76="HIGH",1,0) -> 0 | AJ76: Low Risk Flag
A77: F | B77: 60 | C77: 91.6 | D77: 1.64 | E77: 34.1 | F77: =IFERROR(C77/POWER(D77,2),"") -> 34.057109 | G77: =IFERROR(IF(ABS(E77 - F77) <= 0.1, 0, 1),"") -> 0 | H77: Obese | I77: 94.4 | J77: 132/73 | K77: 132 | L77: 73 | M77: 258 | N77: >180 | O77: 31 | P77: 142 | Q77: Y | R77: Y | S77: High | T77: Y | U77: =SUM(IF(Q77="Y",1,0),IF(R77="Y",1,0),IF(S77="Low",1,0),IF(T77="Y",1,0)) -> 3 | V77: 164 | W77: 0.576 | X77: Q3 | Y77: 132 | AA77: Hypertension Stage 1 | AB77: 197 | AC77: 6.35 | AD77: =IF(AND('CVD Dataset'!AA77="Normal",'CVD Dataset'!AB77>AVERAGE('CVD Dataset'!AB:AB),'CVD Dataset'!AF77="High"),"High Lipid Category","Normal Category") -> Normal Category | AE77: 20.58 | AF77: HIGH | AG77: 0 | AH77: High Risk Patients | AI77: =IF(AF77="HIGH",1,0) -> 1 | AJ77: High Risk Flag
A78: F | B78: 51 | C78: 52.5 | D78: 1.78 | E78: 16.6 | F78: =IFERROR(C78/POWER(D78,2),"") -> 16.569878 | G78: =IFERROR(IF(ABS(E78 - F78) <= 0.1, 0, 1),"") -> 0 | H78: Underweight | I78: 75.8 | J78: 98/63 | K78: 98 | L78: 63 | M78: 119 | N78: <150 | O78: 50 | P78: 128 | Q78: Y | R78: Y | S78: High | T78: Y | U78: =SUM(IF(Q78="Y",1,0),IF(R78="Y",1,0),IF(S78="Low",1,0),IF(T78="Y",1,0)) -> 3 | V78: 178 | W78: 0.426 | X78: Q1 | Y78: 98 | Z78: 63 | AA78: Normal | AB78: 39 | AC78: 0.78 | AD78: =IF(AND('CVD Dataset'!AA78="Normal",'CVD Dataset'!AB78>AVERAGE('CVD Dataset'!AB:AB),'CVD Dataset'!AF78="High"),"High Lipid Category","Normal Category") -> Normal Category | AE78: 12.6 | AF78: HIGH | AG78: 0 | AH78: High Risk Patients | AI78: =IF(AF78="HIGH",1,0) -> 1 | AJ78: Low Risk Flag
A79: F | B79: 43 | C79: 109.7 | D79: 1.81 | E79: 33.5 | F79: =IFERROR(C79/POWER(D79,2),"") -> 33.484936 | G79: =IFERROR(IF(ABS(E79 - F79) <= 0.1, 0, 1),"") -> 0 | H79: Obese | I79: 80.8 | J79: 120/74 | K79: 120 | L79: 74 | M79: 278 | N79: >180 | O79: 63 | P79: 142 | Q79: N | R79: Y | S79: Moderate | T79: Y | U79: =SUM(IF(Q79="Y",1,0),IF(R79="Y",1,0),IF(S79="Low",1,0),IF(T79="Y",1,0)) -> 2 | V79: 181 | W79: 0.446 | X79: Q1 | Y79: 120 | Z79: 74 | AA79: Elevated | AB79: 185 | AC79: 2.94 | AD79: =IF(AND('CVD Dataset'!AA79="Normal",'CVD Dataset'!AB79>AVERAGE('CVD Dataset'!AB:AB),'CVD Dataset'!AF79="High"),"High Lipid Category","Normal Category") -> Normal Category | AE79: 20.26 | AF79: HIGH | AG79: 1 | AH79: High Risk Patients | AI79: =IF(AF79="HIGH",1,0) -> 1 | AJ79: Low Risk Flag
A80: M | B80: 49 | C80: 115.6 | D80: 1.72 | E80: 39.1 | F80: =IFERROR(C80/POWER(D80,2),"") -> 39.075176 | G80: =IFERROR(IF(ABS(E80 - F80) <= 0.1, 0, 1),"") -> 0 | H80: Obese | I80: 109.3 | J80: 90/95 | K80: 90 | L80: 95 | M80: 155 | N80: 150-180 | O80: 71 | P80: 110 | Q80: N | R80: Y | S80: Moderate | T80: N | U80: =SUM(IF(Q80="Y",1,0),IF(R80="Y",1,0),IF(S80="Low",1,0),IF(T80="Y",1,0)) -> 1 | V80: 172 | W80: 0.635 | X80: Q4 | Y80: 90 | Z80: 95 | AA80: Hypertension Stage 2 | AB80: 54 | AC80: 0.76 | AD80: =IF(AND('CVD Dataset'!AA80="Normal",'CVD Dataset'!AB80>AVERAGE('CVD Dataset'!AB:AB),'CVD Dataset'!AF80="High"),"High Lipid Category","Normal Category") -> Normal Category | AE80: 17.42 | AF80: INTERMEDIARY | AG80: 0 | AH80: Not High Risk Patients | AI80: =IF(AF80="HIGH",1,0) -> 0 | AJ80: Low Risk Flag
A81: M | B81: 60 | C81: 78.9 | D81: 1.85 | E81: 23.1 | F81: =IFERROR(C81/POWER(D81,2),"") -> 23.053324 | G81: =IFERROR(IF(ABS(E81 - F81) <= 0.1, 0, 1),"") -> 0 | H81: Normal Weight | I81: 101.5 | J81: 94/78 | K81: 94 | L81: 78 | M81: 133 | N81: <150 | O81: 39 | P81: 149 | Q81: N | R81: Y | S81: Low | T81: Y | U81: =SUM(IF(Q81="Y",1,0),IF(R81="Y",1,0),IF(S81="Low",1,0),IF(T81="Y",1,0)) -> 3 | V81: 185 | W81: 0.549 | X81: Q3 | Y81: 94 | Z81: 78 | AA81: Normal | AB81: 64 | AC81: 1.64 | AD81: =IF(AND('CVD Dataset'!AA81="Normal",'CVD Dataset'!AB81>AVERAGE('CVD Dataset'!AB:AB),'CVD Dataset'!AF81="High"),"High Lipid Category","Normal Category") -> Normal Category | AF81: HIGH | AG81: 0 | AH81: High Risk Patients | AI81: =IF(AF81="HIGH",1,0) -> 1 | AJ81: Low Risk Flag
A82: M | B82: 37 | C82: 78.4 | D82: 1.63 | E82: 29.5 | F82: =IFERROR(C82/POWER(D82,2),"") -> 29.508073 | G82: =IFERROR(IF(ABS(E82 - F82) <= 0.1, 0, 1),"") -> 0 | H82: Overweight | I82: 70.2 | J82: 127/96 | K82: 127 | L82: 96 | M82: 103 | N82: <150 | O82: 57 | P82: 74 | Q82: N | R82: N | S82: High | T82: N | U82: =SUM(IF(Q82="Y",1,0),IF(R82="Y",1,0),IF(S82="Low",1,0),IF(T82="Y",1,0)) -> 0 | V82: 163 | W82: 0.431 | X82: Q1 | Y82: 127 | Z82: 96 | AA82: Hypertension Stage 2 | AB82: 16 | AC82: 0.28 | AD82: =IF(AND('CVD Dataset'!AA82="Normal",'CVD Dataset'!AB82>AVERAGE('CVD Dataset'!AB:AB),'CVD Dataset'!AF82="High"),"High Lipid Category","Normal Category") -> Normal Category | AE82: 14.31 | AF82: LOW | AG82: 0 | AH82: Not High Risk Patients | AI82: =IF(AF82="HIGH",1,0) -> 0 | AJ82: Low Risk Flag
A83: F | B83: 52 | C83: 65.3 | D83: 1.61 | E83: 25.2 | F83: =IFERROR(C83/POWER(D83,2),"") -> 25.191929 | G83: =IFERROR(IF(ABS(E83 - F83) <= 0.1, 0, 1),"") -> 0 | H83: Overweight | I83: 74.9 | J83: 120/87 | K83: 120 | L83: 87 | M83: 251 | N83: >180 | O83: 50 | P83: 83 | Q83: Y | R83: N | S83: Low | T83: N | U83: =SUM(IF(Q83="Y",1,0),IF(R83="Y",1,0),IF(S83="Low",1,0),IF(T83="Y",1,0)) -> 2 | W83: 0.465 | X83: Q2 | Y83: 120 | Z83: 87 | AA83: Hypertension Stage 1 | AB83: 171 | AC83: 3.42 | AD83: =IF(AND('CVD Dataset'!AA83="Normal",'CVD Dataset'!AB83>AVERAGE('CVD Dataset'!AB:AB),'CVD Dataset'!AF83="High"),"High Lipid Category","Normal Category") -> Normal Category | AE83: 16.06 | AF83: HIGH | AG83: 0 | AH83: High Risk Patients | AI83: =IF(AF83="HIGH",1,0) -> 1 | AJ83: Low Risk Flag
A84: F | B84: 37 | C84: 114.4 | D84: 1.72 | E84: 38.7 | F84: =IFERROR(C84/POWER(D84,2),"") -> 38.669551 | G84: =IFERROR(IF(ABS(E84 - F84) <= 0.1, 0, 1),"") -> 0 | H84: Obese | I84: 105 | J84: 99/90 | K84: 99 | L84: 90 | M84: 203 | N84: >180 | O84: 60 | P84: 103 | Q84: N | R84: Y | S84: Moderate | T84: N | U84: =SUM(IF(Q84="Y",1,0),IF(R84="Y",1,0),IF(S84="Low",1,0),IF(T84="Y",1,0)) -> 1 | V84: 172 | W84: 0.61 | X84: Q4 | Y84: 99 | Z84: 90 | AA84: Hypertension Stage 2 | AB84: 113 | AC84: 1.88 | AD84: =IF(AND('CVD Dataset'!AA84="Normal",'CVD Dataset'!AB84>AVERAGE('CVD Dataset'!AB:AB),'CVD Dataset'!AF84="High"),"High Lipid Category","Normal Category") -> Normal Category | AE84: 18.75 | AF84: INTERMEDIARY | AG84: 0 | AH84: Not High Risk Patients | AI84: =IF(AF84="HIGH",1,0) -> 0 | AJ84: Low Risk Flag
A85: M | B85: 57 | C85: 114.5 | D85: 1.83 | E85: 34.2 | F85: =IFERROR(C85/POWER(D85,2),"") -> 34.190331 | G85: =IFERROR(IF(ABS(E85 - F85) <= 0.1, 0, 1),"") -> 0 | H85: Obese | I85: 93.8 | J85: 114/63 | K85: 114 | L85: 63 | M85: 204 | N85: >180 | O85: 48 | P85: 140 | Q85: N | R85: Y | S85: Moderate | T85: N | U85: =SUM(IF(Q85="Y",1,0),IF(R85="Y",1,0),IF(S85="Low",1,0),IF(T85="Y",1,0)) -> 1 | V85: 183 | W85: 0.513 | X85: Q2 | Y85: 114 | Z85: 63 | AA85: Normal | AB85: 126 | AC85: 2.63 | AD85: =IF(AND('CVD Dataset'!AA85="Normal",'CVD Dataset'!AB85>AVERAGE('CVD Dataset'!AB:AB),'CVD Dataset'!AF85="High"),"High Lipid Category","Normal Category") -> High Lipid Category | AE85: 18.62 | AF85: HIGH | AG85: 0 | AH85: High Risk Patients | AI85: =IF(AF85="HIGH",1,0) -> 1 | AJ85: Low Risk Flag
A86: M | B86: 56 | C86: 81.8 | D86: 1.76 | E86: 26.4 | F86: =IFERROR(C86/POWER(D86,2),"") -> 26.407541 | G86: =IFERROR(IF(ABS(E86 - F86) <= 0.1, 0, 1),"") -> 0 | H86: Overweight | I86: 72.1 | J86: 132/97 | K86: 132 | L86: 97 | M86: 109 | N86: <150 | O86: 78 | P86: 111 | Q86: N | R86: N | S86: High | T86: Y | U86: =SUM(IF(Q86="Y",1,0),IF(R86="Y",1,0),IF(S86="Low",1,0),IF(T86="Y",1,0)) -> 1 | V86: 176 | W86: 0.41 | X86: Q1 | Y86: 132 | Z86: 97 | AA86: Hypertension Stage 1 | AB86: 1 | AC86: 0.01 | AD86: =IF(AND('CVD Dataset'!AA86="Normal",'CVD Dataset'!AB86>AVERAGE('CVD Dataset'!AB:AB),'CVD Dataset'!AF86="High"),"High Lipid Category","Normal Category") -> Normal Category | AE86: 14.06 | AF86: INTERMEDIARY | AG86: 0 | AH86: Not High Risk Patients | AI86: =IF(AF86="HIGH",1,0) -> 0 | AJ86: Low Risk Flag
A87: M | B87: 32 | C87: 85.5 | D87: 1.63 | E87: 32.2 | F87: =IFERROR(C87/POWER(D87,2),"") -> 32.180361 | G87: =IFERROR(IF(ABS(E87 - F87) <= 0.1, 0, 1),"") -> 0 | H87: Obese | I87: 81.6 | J87: 111/68 | K87: 111 | L87: 68 | M87: 102 | N87: <150 | O87: 79 | P87: 97 | Q87: Y | R87: N | S87: Low | T87: N | U87: =SUM(IF(Q87="Y",1,0),IF(R87="Y",1,0),IF(S87="Low",1,0),IF(T87="Y",1,0)) -> 2 | V87: 163 | W87: 0.501 | X87: Q2 | Y87: 111 | Z87: 68 | AA87: Normal | AC87: 0 | AD87: =IF(AND('CVD Dataset'!AA87="Normal",'CVD Dataset'!AB87>AVERAGE('CVD Dataset'!AB:AB),'CVD Dataset'!AF87="High"),"High Lipid Category","Normal Category") -> Normal Category | AE87: 14.03 | AF87: INTERMEDIARY | AG87: 0 | AH87: Not High Risk Patients | AI87: =IF(AF87="HIGH",1,0) -> 0 | AJ87: Low Risk Flag
A88: F | B88: 58 | C88: 82.1 | E88: 26.2 | F88: =IFERROR(C88/POWER(D88,2),"") | G88: =IFERROR(IF(ABS(E88 - F88) <= 0.1, 0, 1),"") | H88: Overweight | I88: 82.6 | J88: 97/69 | K88: 97 | L88: 69 | M88: 133 | N88: <150 | O88: 43 | Q88: Y | R88: N | S88: Low | T88: N | U88: =SUM(IF(Q88="Y",1,0),IF(R88="Y",1,0),IF(S88="Low",1,0),IF(T88="Y",1,0)) -> 2 | V88: 177 | W88: 0.467 | X88: Q2 | Y88: 97 | Z88: 69 | AA88: Normal | AB88: 60 | AC88: 1.4 | AD88: =IF(AND('CVD Dataset'!AA88="Normal",'CVD Dataset'!AB88>AVERAGE('CVD Dataset'!AB:AB),'CVD Dataset'!AF88="High"),"High Lipid Category","Normal Category") -> Normal Category | AE88: 12.75 | AF88: HIGH | AG88: 0 | AH88: High Risk Patients | AI88: =IF(AF88="HIGH",1,0) -> 1 | AJ88: Low Risk Flag
A89: F | B89: 37 | C89: 113.4 | D89: 1.68 | E89: 40.2 | F89: =IFERROR(C89/POWER(D89,2),"") -> 40.178571 | G89: =IFERROR(IF(ABS(E89 - F89) <= 0.1, 0, 1),"") -> 0 | H89: Obese | I89: 109.2 | J89: 120/71 | K89: 120 | L89: 71 | M89: 281 | N89: >180 | O89: 70 | P89: 140 | Q89: N | R89: N | S89: High | T89: N | U89: =SUM(IF(Q89="Y",1,0),IF(R89="Y",1,0),IF(S89="Low",1,0),IF(T89="Y",1,0)) -> 0 | V89: 168 | W89: 0.65 | X89: Q4 | Y89: 120 | Z89: 71 | AA89: Elevated | AB89: 181 | AC89: 2.59 | AD89: =IF(AND('CVD Dataset'!AA89="Normal",'CVD Dataset'!AB89>AVERAGE('CVD Dataset'!AB:AB),'CVD Dataset'!AF89="High"),"High Lipid Category","Normal Category") -> Normal Category | AE89: 19.66 | AF89: INTERMEDIARY | AG89: 0 | AH89: Not High Risk Patients | AI89: =IF(AF89="HIGH",1,0) -> 0 | AJ89: Low Risk Flag
A90: F | B90: 40 | C90: 50.7 | D90: 1.65 | E90: 18.6 | F90: =IFERROR(C90/POWER(D90,2),"") -> 18.62259 | G90: =IFERROR(IF(ABS(E90 - F90) <= 0.1, 0, 1),"") -> 0 | H90: Normal Weight | I90: 80.9 | J90: 130/97 | K90: 130 | L90: 97 | M90: 228 | N90: >180 | O90: 56 | P90: 76 | Q90: Y | R90: Y | S90: Low | T90: N | U90: =SUM(IF(Q90="Y",1,0),IF(R90="Y",1,0),IF(S90="Low",1,0),IF(T90="Y",1,0)) -> 3 | V90: 165 | W90: 0.49 | X90: Q2 | Y90: 130 | Z90: 97 | AA90: Hypertension Stage 1 | AB90: 142 | AC90: 2.54 | AD90: =IF(AND('CVD Dataset'!AA90="Normal",'CVD Dataset'!AB90>AVERAGE('CVD Dataset'!AB:AB),'CVD Dataset'!AF90="High"),"High Lipid Category","Normal Category") -> Normal Category | AE90: 16.78 | AF90: HIGH | AG90: 0 | AH90: High Risk Patients | AI90: =IF(AF90="HIGH",1,0) -> 1 | AJ90: Low Risk Flag
A91: M | B91: 58 | C91: 118.3 | D91: 1.66 | E91: 42.9 | F91: =IFERROR(C91/POWER(D91,2),"") -> 42.930759 | G91: =IFERROR(IF(ABS(E91 - F91) <= 0.1, 0, 1),"") -> 0 | H91: Obese | J91: 119/65 | K91: 119 | L91: 65 | M91: 149 | N91: <150 | O91: 66 | P91: 127 | Q91: N | R91: Y | S91: Moderate | T91: N | U91: =SUM(IF(Q91="Y",1,0),IF(R91="Y",1,0),IF(S91="Low",1,0),IF(T91="Y",1,0)) -> 1 | V91: 166 | W91: 0.622 | X91: Q4 | Y91: 119 | Z91: 65 | AA91: Normal | AB91: 53 | AC91: 0.8 | AD91: =IF(AND('CVD Dataset'!AA91="Normal",'CVD Dataset'!AB91>AVERAGE('CVD Dataset'!AB:AB),'CVD Dataset'!AF91="High"),"High Lipid Category","Normal Category") -> Normal Category | AF91: INTERMEDIARY | AG91: 0 | AH91: Not High Risk Patients | AI91: =IF(AF91="HIGH",1,0) -> 0 | AJ91: Low Risk Flag
A92: F | B92: 59 | C92: 85.7 | D92: 1.78 | E92: 27 | F92: =IFERROR(C92/POWER(D92,2),"") -> 27.048352 | G92: =IFERROR(IF(ABS(E92 - F92) <= 0.1, 0, 1),"") -> 0 | H92: Overweight | I92: 74.3 | J92: 120/96 | K92: 120 | L92: 96 | M92: 268 | N92: >180 | O92: 73 | P92: 77 | Q92: N | R92: N | S92: Low | T92: N | U92: =SUM(IF(Q92="Y",1,0),IF(R92="Y",1,0),IF(S92="Low",1,0),IF(T92="Y",1,0)) -> 1 | V92: 178 | W92: 0.417 | X92: Q1 | Y92: 120 | Z92: 96 | AA92: Hypertension Stage 2 | AB92: 165 | AC92: 2.26 | AD92: =IF(AND('CVD Dataset'!AA92="Normal",'CVD Dataset'!AB92>AVERAGE('CVD Dataset'!AB:AB),'CVD Dataset'!AF92="High"),"High Lipid Category","Normal Category") -> Normal Category | AE92: 16.76 | AF92: HIGH | AG92: 1 | AH92: High Risk Patients | AI92: =IF(AF92="HIGH",1,0) -> 1 | AJ92: Low Risk Flag
A93: F | B93: 60 | C93: 110.1 | E93: 35.5 | F93: =IFERROR(C93/POWER(D93,2),"") | G93: =IFERROR(IF(ABS(E93 - F93) <= 0.1, 0, 1),"") | H93: Obese | I93: 95.6 | J93: 145/84 | K93: 145 | L93: 84 | M93: 108 | N93: <150 | O93: 66 | P93: 78 | Q93: N | R93: Y | S93: Moderate | T93: N | U93: =SUM(IF(Q93="Y",1,0),IF(R93="Y",1,0),IF(S93="Low",1,0),IF(T93="Y",1,0)) -> 1 | V93: 176 | W93: 0.543 | X93: Q3 | Y93: 145 | Z93: 84 | AA93: Hypertension Stage 1 | AB93: 12 | AC93: 0.18 | AD93: =IF(AND('CVD Dataset'!AA93="Normal",'CVD Dataset'!AB93>AVERAGE('CVD Dataset'!AB:AB),'CVD Dataset'!AF93="High"),"High Lipid Category","Normal Category") -> Normal Category | AE93: 18.51 | AF93: INTERMEDIARY | AG93: 0 | AH93: Not High Risk Patients | AI93: =IF(AF93="HIGH",1,0) -> 0 | AJ93: High Risk Flag
A94: F | B94: 40 | C94: 70.5 | D94: 1.68 | E94: 25 | F94: =IFERROR(C94/POWER(D94,2),"") -> 24.978741 | G94: =IFERROR(IF(ABS(E94 - F94) <= 0.1, 0, 1),"") -> 0 | H94: Overweight | J94: 111/93 | K94: 111 | L94: 93 | M94: 154 | N94: 150-180 | O94: 47 | P94: 119 | Q94: Y | R94: N | S94: Low | T94: N | U94: =SUM(IF(Q94="Y",1,0),IF(R94="Y",1,0),IF(S94="Low",1,0),IF(T94="Y",1,0)) -> 2 | V94: 168 | W94: 0.495 | X94: Q2 | Y94: 111 | Z94: 93 | AA94: Hypertension Stage 2 | AB94: 77 | AC94: 1.64 | AD94: =IF(AND('CVD Dataset'!AA94="Normal",'CVD Dataset'!AB94>AVERAGE('CVD Dataset'!AB:AB),'CVD Dataset'!AF94="High"),"High Lipid Category","Normal Category") -> Normal Category | AE94: 13.63 | AF94: INTERMEDIARY | AG94: 0 | AH94: Not High Risk Patients | AI94: =IF(AF94="HIGH",1,0) -> 0 | AJ94: Low Risk Flag
A95: F | B95: 48 | C95: 109.3 | D95: 1.81 | E95: 33.4 | F95: =IFERROR(C95/POWER(D95,2),"") -> 33.36284 | G95: =IFERROR(IF(ABS(E95 - F95) <= 0.1, 0, 1),"") -> 0 | H95: Obese | I95: 83.2 | J95: 105/100 | K95: 105 | L95: 100 | M95: 135 | N95: <150 | O95: 65 | P95: 119 | Q95: Y | R95: Y | S95: High | T95: N | U95: =SUM(IF(Q95="Y",1,0),IF(R95="Y",1,0),IF(S95="Low",1,0),IF(T95="Y",1,0)) -> 2 | V95: 181 | W95: 0.46 | X95: Q1 | Y95: 105 | Z95: 100 | AA95: Hypertension Stage 2 | AB95: 40 | AC95: 0.62 | AD95: =IF(AND('CVD Dataset'!AA95="Normal",'CVD Dataset'!AB95>AVERAGE('CVD Dataset'!AB:AB),'CVD Dataset'!AF95="High"),"High Lipid Category","Normal Category") -> Normal Category | AE95: 16.63 | AF95: HIGH | AG95: 1 | AH95: High Risk Patients | AI95: =IF(AF95="HIGH",1,0) -> 1 | AJ95: Low Risk Flag
A96: F | B96: 40 | C96: 84.6 | D96: 1.81 | E96: 25.8 | F96: =IFERROR(C96/POWER(D96,2),"") -> 25.823388 | G96: =IFERROR(IF(ABS(E96 - F96) <= 0.1, 0, 1),"") -> 0 | H96: Overweight | I96: 74.5 | J96: 100/91 | K96: 100 | L96: 91 | M96: 220 | N96: >180 | O96: 47 | P96: 77 | Q96: N | R96: N | S96: High | T96: Y | U96: =SUM(IF(Q96="Y",1,0),IF(R96="Y",1,0),IF(S96="Low",1,0),IF(T96="Y",1,0)) -> 1 | V96: 181 | W96: 0.412 | X96: Q1 | Y96: 100 | Z96: 91 | AA96: Hypertension Stage 2 | AB96: 143 | AC96: 3.04 | AD96: =IF(AND('CVD Dataset'!AA96="Normal",'CVD Dataset'!AB96>AVERAGE('CVD Dataset'!AB:AB),'CVD Dataset'!AF96="High"),"High Lipid Category","Normal Category") -> Normal Category | AE96: 14.56 | AF96: INTERMEDIARY | AG96: 0 | AH96: Not High Risk Patients | AI96: =IF(AF96="HIGH",1,0) -> 0 | AJ96: Low Risk Flag
A97: M | B97: 48 | C97: 111 | D97: 1.69 | E97: 38.9 | F97: =IFERROR(C97/POWER(D97,2),"") -> 38.864185 | G97: =IFERROR(IF(ABS(E97 - F97) <= 0.1, 0, 1),"") -> 0 | H97: Obese | I97: 94.8 | J97: 98/64 | K97: 98 | L97: 64 | N97: <150 | O97: 48 | P97: 119 | Q97: Y | R97: N | S97: Moderate | T97: N | U97: =SUM(IF(Q97="Y",1,0),IF(R97="Y",1,0),IF(S97="Low",1,0),IF(T97="Y",1,0)) -> 1 | V97: 169 | W97: 0.561 | X97: Q3 | Y97: 98 | Z97: 64 | AA97: Normal | AB97: 178 | AC97: 3.71 | AD97: =IF(AND('CVD Dataset'!AA97="Normal",'CVD Dataset'!AB97>AVERAGE('CVD Dataset'!AB:AB),'CVD Dataset'!AF97="High"),"High Lipid Category","Normal Category") -> High Lipid Category | AE97: 17.8 | AF97: HIGH | AG97: 0 | AH97: High Risk Patients | AI97: =IF(AF97="HIGH",1,0) -> 1 | AJ97: Low Risk Flag
A98: M | B98: 37 | C98: 78.8 | D98: 1.81 | E98: 24.1 | F98: =IFERROR(C98/POWER(D98,2),"") -> 24.05299 | G98: =IFERROR(IF(ABS(E98 - F98) <= 0.1, 0, 1),"") -> 0 | H98: Normal Weight | I98: 101.8 | J98: 135/80 | K98: 135 | L98: 80 | M98: 194 | N98: >180 | O98: 73 | P98: 90 | Q98: N | R98: N | S98: Low | T98: Y | U98: =SUM(IF(Q98="Y",1,0),IF(R98="Y",1,0),IF(S98="Low",1,0),IF(T98="Y",1,0)) -> 2 | V98: 181 | W98: 0.562 | X98: Q3 | Y98: 135 | Z98: 80 | AA98: Hypertension Stage 1 | AB98: 91 | AC98: 1.25 | AD98: =IF(AND('CVD Dataset'!AA98="Normal",'CVD Dataset'!AB98>AVERAGE('CVD Dataset'!AB:AB),'CVD Dataset'!AF98="High"),"High Lipid Category","Normal Category") -> Normal Category | AE98: 15.45 | AF98: INTERMEDIARY | AG98: 0 | AH98: Not High Risk Patients | AI98: =IF(AF98="HIGH",1,0) -> 0 | AJ98: Low Risk Flag
A99: F | B99: 40 | C99: 116.9 | D99: 1.66 | E99: 42.4 | F99: =IFERROR(C99/POWER(D99,2),"") -> 42.422703 | G99: =IFERROR(IF(ABS(E99 - F99) <= 0.1, 0, 1),"") -> 0 | H99: Obese | I99: 78.1 | J99: 124/72 | K99: 124 | L99: 72 | M99: 211 | N99: >180 | O99: 75 | P99: 117 | Q99: Y | R99: N | S99: High | T99: Y | U99: =SUM(IF(Q99="Y",1,0),IF(R99="Y",1,0),IF(S99="Low",1,0),IF(T99="Y",1,0)) -> 2 | V99: 166 | W99: 0.47 | X99: Q2 | Y99: 124 | Z99: 72 | AA99: Elevated | AB99: 106 | AC99: 1.41 | AD99: =IF(AND('CVD Dataset'!AA99="Normal",'CVD Dataset'!AB99>AVERAGE('CVD Dataset'!AB:AB),'CVD Dataset'!AF99="High"),"High Lipid Category","Normal Category") -> Normal Category | AE99: 18.9 | AF99: HIGH | AG99: 1 | AH99: High Risk Patients | AI99: =IF(AF99="HIGH",1,0) -> 1 | AJ99: Low Risk Flag
A100: F | B100: 32 | C100: 98.3 | D100: 1.78 | E100: 31 | F100: =IFERROR(C100/POWER(D100,2),"") -> 31.025123 | G100: =IFERROR(IF(ABS(E100 - F100) <= 0.1, 0, 1),"") -> 0 | H100: Obese | I100: 93 | J100: 127/98 | K100: 127 | L100: 98 | M100: 261 | N100: >180 | O100: 42 | P100: 94 | Q100: Y | R100: Y | S100: High | T100: Y | U100: =SUM(IF(Q100="Y",1,0),IF(R100="Y",1,0),IF(S100="Low",1,0),IF(T100="Y",1,0)) -> 3 | V100: 178 | W100: 0.522 | X100: Q2 | Y100: 127 | Z100: 98 | AA100: Hypertension Stage 2 | AB100: 189 | AC100: 4.5 | AD100: =IF(AND('CVD Dataset'!AA100="Normal",'CVD Dataset'!AB100>AVERAGE('CVD Dataset'!AB:AB),'CVD Dataset'!AF100="High"),"High Lipid Category","Normal Category") -> Normal Category | AE100: 19.77 | AF100: HIGH | AG100: 0 | AH100: High Risk Patients | AI100: =IF(AF100="HIGH",1,0) -> 1 | AJ100: Low Risk Flag
...

Sheet Questions
A1: ❤️ Cardiovascular Disease Risk — Excel Data Analysis Questions (30)
A3: (Dataset: CVD Dataset.csv — Bangladesh, 2024–2025)
A7: 🧬 Demographic & Risk Exposure Analysis
A9: 1️⃣ Create an age-band classification (25–35, 36–45, 46–55, 56–65, 66+) and calculate % of High Risk patients and Average CVD Risk Score per band. Which age group shows the highest risk concentration?
A11: Why this question is asked:
A12: Cardiovascular risk increases with age but not always uniformly.
A14: Business purpose:
A15: Helps hospitals design age-targeted screening and preventive strategies.
A19: 2️⃣ Perform gender-based risk comparison: Average CVD Risk Score by Sex and % High Risk by Sex. Is risk significantly different between males and females?
A21: Why:
A22: Risk profiles differ biologically and behaviorally.
A24: Purpose:
... A225: Improves ML model efficiency.
